,match_id,date,venue,city,team1,team2,toss_winner,toss_decision,winner,team1_player1,team2_player1,team1_player2,team2_player2,team1_player3,team2_player3,team1_player4,team2_player4,team1_player5,team2_player5,team1_player6,team2_player6,team1_player7,team2_player7,team1_player8,team2_player8,team1_player9,team2_player9,team1_player10,team2_player10,team1_player11,team2_player11,teams_sorted_key,match_stage
0.0,4143.0,2019-05-30,kennington oval,london,england,south africa,1.0,field,0.0,JJ Roy,Q de Kock,JM Bairstow,HM Amla,JE Root,AK Markram,EJG Morgan,F du Plessis,BA Stokes,HE van der Dussen,JC Buttler,JP Duminy,MM Ali,D Pretorius,CR Woakes,AL Phehlukwayo,LE Plunkett,K Rabada,JC Archer,L Ngidi,AU Rashid,Imran Tahir,england||south africa,group
1.0,4144.0,2019-05-31,trent bridge,nottingham,pakistan,west indies,1.0,field,1.0,Imam-ul-Haq,CH Gayle,Fakhar Zaman,SD Hope,Babar Azam,DM Bravo,Haris Sohail,N Pooran,Sarfraz Ahmed,SO Hetmyer,Mohammad Hafeez,AD Russell,Imad Wasim,JO Holder,Shadab Khan,CR Brathwaite,Hasan Ali,AR Nurse,Wahab Riaz,SS Cottrell,Mohammad Amir,O Thomas,pakistan||west indies,group
2.0,4145.0,2019-06-01,sophia gardens,cardiff,new zealand,sri lanka,0.0,field,0.0,MJ Guptill,HDRL Thirimanne,C Munro,FDM Karunaratne,KS Williamson,MDKJ Perera,LRPL Taylor,BKG Mendis,TWM Latham,DM de Silva,JDS Neesham,AD Mathews,C de Grandhomme,BMAJ Mendis,MJ Santner,NLTC Perera,MJ Henry,I Udana,LH Ferguson,RAS Lakmal,TA Boult,SL Malinga,new zealand||sri lanka,group
3.0,4147.0,2019-06-02,kennington oval,london,bangladesh,south africa,1.0,field,0.0,Tamim Iqbal,Q de Kock,Soumya Sarkar,AK Markram,Shakib Al Hasan,F du Plessis,Mushfiqur Rahim,DA Miller,Mohammad Mithun,HE van der Dussen,Mahmudullah,JP Duminy,Mosaddek Hossain,AL Phehlukwayo,Mehedi Hasan Miraz,CH Morris,Mohammad Saifuddin,K Rabada,Mashrafe Mortaza,Imran Tahir,Mustafizur Rahman,L Ngidi,bangladesh||south africa,group
4.0,4148.0,2019-06-03,trent bridge,nottingham,england,pakistan,0.0,field,1.0,JJ Roy,Imam-ul-Haq,JM Bairstow,Fakhar Zaman,JE Root,Babar Azam,EJG Morgan,Mohammad Hafeez,BA Stokes,Sarfraz Ahmed,JC Buttler,Asif Ali,MM Ali,Shoaib Malik,CR Woakes,Wahab Riaz,JC Archer,Hasan Ali,AU Rashid,Shadab Khan,MA Wood,Mohammad Amir,england||pakistan,group
5.0,4150.0,2019-06-05,the rose bowl,southampton,india,south africa,1.0,bat,0.0,S Dhawan,HM Amla,RG Sharma,Q de Kock,V Kohli,F du Plessis,KL Rahul,HE van der Dussen,MS Dhoni,DA Miller,HH Pandya,JP Duminy,KM Jadhav,AL Phehlukwayo,B Kumar,CH Morris,Kuldeep Yadav,K Rabada,YS Chahal,Imran Tahir,JJ Bumrah,T Shamsi,india||south africa,group
6.0,4151.0,2019-06-05,kennington oval,london,bangladesh,new zealand,1.0,field,1.0,Tamim Iqbal,MJ Guptill,Soumya Sarkar,C Munro,Shakib Al Hasan,KS Williamson,Mushfiqur Rahim,LRPL Taylor,Mohammad Mithun,TWM Latham,Mahmudullah,JDS Neesham,Mosaddek Hossain,C de Grandhomme,Mohammad Saifuddin,MJ Santner,Mehedi Hasan Miraz,MJ Henry,Mashrafe Mortaza,LH Ferguson,Mustafizur Rahman,TA Boult,bangladesh||new zealand,group
7.0,4152.0,2019-06-06,trent bridge,nottingham,australia,west indies,1.0,field,0.0,DA Warner,CH Gayle,AJ Finch,E Lewis,UT Khawaja,SD Hope,SPD Smith,N Pooran,GJ Maxwell,SO Hetmyer,MP Stoinis,JO Holder,AT Carey,AD Russell,NM Coulter-Nile,CR Brathwaite,PJ Cummins,AR Nurse,MA Starc,SS Cottrell,A Zampa,O Thomas,australia||west indies,group
8.0,4153.0,2019-06-08,sophia gardens,cardiff,england,bangladesh,1.0,field,0.0,JJ Roy,Tamim Iqbal,JM Bairstow,Soumya Sarkar,JE Root,Shakib Al Hasan,JC Buttler,Mushfiqur Rahim,EJG Morgan,Mohammad Mithun,BA Stokes,Mahmudullah,CR Woakes,Mosaddek Hossain,LE Plunkett,Mohammad Saifuddin,JC Archer,Mehedi Hasan Miraz,AU Rashid,Mashrafe Mortaza,MA Wood,Mustafizur Rahman,bangladesh||england,group
9.0,4155.0,2019-06-09,kennington oval,london,australia,india,1.0,bat,1.0,DA Warner,RG Sharma,AJ Finch,S Dhawan,SPD Smith,V Kohli,UT Khawaja,HH Pandya,GJ Maxwell,MS Dhoni,MP Stoinis,KL Rahul,AT Carey,KM Jadhav,NM Coulter-Nile,B Kumar,PJ Cummins,Kuldeep Yadav,MA Starc,YS Chahal,A Zampa,JJ Bumrah,australia||india,group
10.0,4157.0,2019-06-12,the cooper associates county ground,taunton,australia,pakistan,1.0,field,0.0,AJ Finch,Imam-ul-Haq,DA Warner,Fakhar Zaman,SPD Smith,Babar Azam,GJ Maxwell,Mohammad Hafeez,SE Marsh,Sarfraz Ahmed,UT Khawaja,Shoaib Malik,AT Carey,Asif Ali,NM Coulter-Nile,Hasan Ali,PJ Cummins,Wahab Riaz,MA Starc,Mohammad Amir,KW Richardson,Shaheen Shah Afridi,australia||pakistan,group
11.0,4158.0,2019-06-14,the rose bowl,southampton,england,west indies,0.0,field,0.0,JM Bairstow,CH Gayle,JE Root,E Lewis,CR Woakes,SD Hope,BA Stokes,N Pooran,JJ Roy,SO Hetmyer,EJG Morgan,JO Holder,JC Buttler,AD Russell,LE Plunkett,CR Brathwaite,JC Archer,SS Cottrell,AU Rashid,O Thomas,MA Wood,ST Gabriel,england||west indies,group
12.0,4159.0,2019-06-15,kennington oval,london,australia,sri lanka,1.0,field,0.0,DA Warner,FDM Karunaratne,AJ Finch,MDKJ Perera,UT Khawaja,HDRL Thirimanne,SPD Smith,BKG Mendis,GJ Maxwell,AD Mathews,SE Marsh,TAM Siriwardana,AT Carey,NLTC Perera,PJ Cummins,DM de Silva,MA Starc,I Udana,JP Behrendorff,SL Malinga,KW Richardson,N Pradeep,australia||sri lanka,group
13.0,4161.0,2019-06-16,old trafford,manchester,india,pakistan,1.0,field,0.0,KL Rahul,Imam-ul-Haq,RG Sharma,Fakhar Zaman,V Kohli,Babar Azam,HH Pandya,Mohammad Hafeez,MS Dhoni,Sarfraz Ahmed,V Shankar,Shoaib Malik,KM Jadhav,Imad Wasim,B Kumar,Shadab Khan,Kuldeep Yadav,Hasan Ali,YS Chahal,Wahab Riaz,JJ Bumrah,Mohammad Amir,india||pakistan,group
14.0,4162.0,2019-06-17,the cooper associates county ground,taunton,bangladesh,west indies,0.0,field,0.0,Tamim Iqbal,CH Gayle,Soumya Sarkar,E Lewis,Shakib Al Hasan,SD Hope,Mushfiqur Rahim,N Pooran,Liton Das,SO Hetmyer,Mahmudullah,AD Russell,Mosaddek Hossain,JO Holder,Mohammad Saifuddin,DM Bravo,Mehedi Hasan Miraz,O Thomas,Mashrafe Mortaza,SS Cottrell,Mustafizur Rahman,ST Gabriel,bangladesh||west indies,group
15.0,4165.0,2019-06-19,edgbaston,birmingham,new zealand,south africa,0.0,field,0.0,MJ Guptill,Q de Kock,C Munro,HM Amla,KS Williamson,F du Plessis,LRPL Taylor,AK Markram,TWM Latham,HE van der Dussen,JDS Neesham,DA Miller,C de Grandhomme,AL Phehlukwayo,MJ Santner,CH Morris,MJ Henry,K Rabada,LH Ferguson,Imran Tahir,TA Boult,L Ngidi,new zealand||south africa,group
16.0,4166.0,2019-06-20,trent bridge,nottingham,australia,bangladesh,0.0,bat,0.0,DA Warner,Tamim Iqbal,AJ Finch,Soumya Sarkar,UT Khawaja,Shakib Al Hasan,GJ Maxwell,Mushfiqur Rahim,MP Stoinis,Liton Das,SPD Smith,Mahmudullah,AT Carey,Sabbir Rahman,NM Coulter-Nile,Mehedi Hasan Miraz,PJ Cummins,Mashrafe Mortaza,MA Starc,Rubel Hossain,A Zampa,Mustafizur Rahman,australia||bangladesh,group
17.0,4168.0,2019-06-21,headingley,leeds,england,sri lanka,1.0,bat,1.0,JM Vince,FDM Karunaratne,JM Bairstow,MDKJ Perera,JE Root,WIA Fernando,EJG Morgan,BKG Mendis,BA Stokes,AD Mathews,JC Buttler,BMAJ Mendis,MM Ali,DM de Silva,CR Woakes,NLTC Perera,AU Rashid,I Udana,JC Archer,SL Malinga,MA Wood,N Pradeep,england||sri lanka,group
18.0,4170.0,2019-06-22,old trafford,manchester,new zealand,west indies,1.0,field,0.0,MJ Guptill,CH Gayle,C Munro,SD Hope,KS Williamson,N Pooran,LRPL Taylor,SO Hetmyer,TWM Latham,JO Holder,JDS Neesham,CR Brathwaite,C de Grandhomme,AR Nurse,MJ Santner,E Lewis,MJ Henry,KAJ Roach,LH Ferguson,SS Cottrell,TA Boult,O Thomas,new zealand||west indies,group
19.0,4171.0,2019-06-23,lord's,london,pakistan,south africa,0.0,bat,0.0,Imam-ul-Haq,HM Amla,Fakhar Zaman,Q de Kock,Babar Azam,F du Plessis,Mohammad Hafeez,AK Markram,Haris Sohail,HE van der Dussen,Imad Wasim,DA Miller,Wahab Riaz,AL Phehlukwayo,Sarfraz Ahmed,CH Morris,Shadab Khan,K Rabada,Mohammad Amir,L Ngidi,Shaheen Shah Afridi,Imran Tahir,pakistan||south africa,group
20.0,4173.0,2019-06-25,lord's,london,england,australia,0.0,field,1.0,JM Vince,AJ Finch,JM Bairstow,DA Warner,JE Root,UT Khawaja,EJG Morgan,SPD Smith,BA Stokes,GJ Maxwell,JC Buttler,MP Stoinis,CR Woakes,AT Carey,MM Ali,PJ Cummins,AU Rashid,MA Starc,JC Archer,NM Lyon,MA Wood,JP Behrendorff,australia||england,group
21.0,4174.0,2019-06-26,edgbaston,birmingham,new zealand,pakistan,0.0,bat,1.0,MJ Guptill,Imam-ul-Haq,C Munro,Fakhar Zaman,KS Williamson,Babar Azam,LRPL Taylor,Mohammad Hafeez,TWM Latham,Haris Sohail,JDS Neesham,Sarfraz Ahmed,C de Grandhomme,Imad Wasim,MJ Santner,Wahab Riaz,MJ Henry,Shadab Khan,LH Ferguson,Mohammad Amir,TA Boult,Shaheen Shah Afridi,new zealand||pakistan,group
22.0,4175.0,2019-06-27,old trafford,manchester,india,west indies,0.0,bat,0.0,KL Rahul,CH Gayle,RG Sharma,SW Ambris,V Kohli,SD Hope,V Shankar,N Pooran,KM Jadhav,SO Hetmyer,MS Dhoni,JO Holder,HH Pandya,CR Brathwaite,Mohammed Shami,FA Allen,Kuldeep Yadav,KAJ Roach,YS Chahal,SS Cottrell,JJ Bumrah,O Thomas,india||west indies,group
23.0,4176.0,2019-06-28,riverside ground,chester-le-street,south africa,sri lanka,0.0,field,0.0,Q de Kock,FDM Karunaratne,HM Amla,MDKJ Perera,F du Plessis,WIA Fernando,HE van der Dussen,BKG Mendis,AK Markram,AD Mathews,JP Duminy,DM de Silva,D Pretorius,BMAJ Mendis,AL Phehlukwayo,NLTC Perera,CH Morris,I Udana,K Rabada,RAS Lakmal,Imran Tahir,SL Malinga,south africa||sri lanka,group
24.0,4178.0,2019-06-29,lord's,london,australia,new zealand,0.0,bat,0.0,DA Warner,MJ Guptill,AJ Finch,HM Nicholls,UT Khawaja,KS Williamson,SPD Smith,LRPL Taylor,MP Stoinis,TWM Latham,GJ Maxwell,C de Grandhomme,AT Carey,JDS Neesham,PJ Cummins,MJ Santner,MA Starc,IS Sodhi,JP Behrendorff,LH Ferguson,NM Lyon,TA Boult,australia||new zealand,group
25.0,4179.0,2019-06-30,edgbaston,birmingham,england,india,0.0,bat,0.0,JJ Roy,KL Rahul,JM Bairstow,RG Sharma,JE Root,V Kohli,EJG Morgan,RR Pant,BA Stokes,HH Pandya,JC Buttler,MS Dhoni,CR Woakes,KM Jadhav,LE Plunkett,Kuldeep Yadav,JC Archer,Mohammed Shami,AU Rashid,YS Chahal,MA Wood,JJ Bumrah,england||india,group
26.0,4180.0,2019-07-01,riverside ground,chester-le-street,sri lanka,west indies,1.0,field,0.0,FDM Karunaratne,CH Gayle,MDKJ Perera,SW Ambris,WIA Fernando,SD Hope,BKG Mendis,SO Hetmyer,AD Mathews,N Pooran,HDRL Thirimanne,JO Holder,I Udana,CR Brathwaite,DM de Silva,FA Allen,JDF Vandersay,SS Cottrell,CAK Rajitha,O Thomas,SL Malinga,ST Gabriel,sri lanka||west indies,group
27.0,4182.0,2019-07-02,edgbaston,birmingham,bangladesh,india,1.0,bat,1.0,Tamim Iqbal,KL Rahul,Soumya Sarkar,RG Sharma,Shakib Al Hasan,V Kohli,Mushfiqur Rahim,RR Pant,Liton Das,HH Pandya,Mosaddek Hossain,MS Dhoni,Sabbir Rahman,KD Karthik,Mohammad Saifuddin,B Kumar,Mashrafe Mortaza,Mohammed Shami,Rubel Hossain,JJ Bumrah,Mustafizur Rahman,YS Chahal,bangladesh||india,group
28.0,4183.0,2019-07-03,riverside ground,chester-le-street,england,new zealand,0.0,bat,0.0,JJ Roy,MJ Guptill,JM Bairstow,HM Nicholls,JE Root,KS Williamson,JC Buttler,LRPL Taylor,EJG Morgan,TWM Latham,BA Stokes,JDS Neesham,CR Woakes,C de Grandhomme,LE Plunkett,MJ Santner,AU Rashid,TG Southee,JC Archer,MJ Henry,MA Wood,TA Boult,england||new zealand,group
29.0,4186.0,2019-07-05,lord's,london,bangladesh,pakistan,1.0,bat,1.0,Tamim Iqbal,Fakhar Zaman,Soumya Sarkar,Imam-ul-Haq,Shakib Al Hasan,Babar Azam,Mushfiqur Rahim,Mohammad Hafeez,Liton Das,Haris Sohail,Mahmudullah,Imad Wasim,Mosaddek Hossain,Sarfraz Ahmed,Mohammad Saifuddin,Wahab Riaz,Mehedi Hasan Miraz,Shadab Khan,Mashrafe Mortaza,Mohammad Amir,Mustafizur Rahman,Shaheen Shah Afridi,bangladesh||pakistan,group
30.0,4187.0,2019-07-06,headingley,leeds,india,sri lanka,1.0,bat,0.0,KL Rahul,FDM Karunaratne,RG Sharma,MDKJ Perera,V Kohli,WIA Fernando,RR Pant,BKG Mendis,HH Pandya,AD Mathews,MS Dhoni,HDRL Thirimanne,KD Karthik,DM de Silva,RA Jadeja,NLTC Perera,B Kumar,I Udana,JJ Bumrah,CAK Rajitha,Kuldeep Yadav,SL Malinga,india||sri lanka,group
31.0,4188.0,2019-07-06,old trafford,manchester,australia,south africa,1.0,bat,1.0,DA Warner,AK Markram,AJ Finch,Q de Kock,UT Khawaja,F du Plessis,SPD Smith,HE van der Dussen,MP Stoinis,JP Duminy,GJ Maxwell,D Pretorius,AT Carey,AL Phehlukwayo,PJ Cummins,CH Morris,MA Starc,K Rabada,JP Behrendorff,Imran Tahir,NM Lyon,T Shamsi,australia||south africa,group
32.0,4190.0,2019-07-09,old trafford,manchester,india,new zealand,1.0,bat,1.0,KL Rahul,MJ Guptill,RG Sharma,HM Nicholls,V Kohli,KS Williamson,RR Pant,LRPL Taylor,KD Karthik,JDS Neesham,HH Pandya,C de Grandhomme,MS Dhoni,TWM Latham,RA Jadeja,MJ Santner,B Kumar,MJ Henry,YS Chahal,TA Boult,JJ Bumrah,LH Ferguson,india||new zealand,semi_final
33.0,4191.0,2019-07-11,edgbaston,birmingham,australia,england,0.0,bat,1.0,DA Warner,JJ Roy,AJ Finch,JM Bairstow,SPD Smith,JE Root,PSP Handscomb,EJG Morgan,AT Carey,BA Stokes,MP Stoinis,JC Buttler,GJ Maxwell,CR Woakes,PJ Cummins,LE Plunkett,MA Starc,AU Rashid,JP Behrendorff,JC Archer,NM Lyon,MA Wood,australia||england,semi_final
34.0,4658.0,2023-10-05,"narendra modi stadium, ahmedabad",ahmedabad,england,new zealand,1.0,field,1.0,JM Bairstow,DP Conway,DJ Malan,WA Young,JE Root,R Ravindra,HC Brook,DJ Mitchell,MM Ali,TWM Latham,JC Buttler,GD Phillips,LS Livingstone,MS Chapman,SM Curran,JDS Neesham,CR Woakes,MJ Santner,AU Rashid,MJ Henry,MA Wood,TA Boult,england||new zealand,group
35.0,4659.0,2023-10-06,"rajiv gandhi international stadium, uppal, hyderabad",hyderabad,pakistan,netherlands,1.0,field,0.0,Fakhar Zaman,Vikramjit Singh,Imam-ul-Haq,MP O'Dowd,Babar Azam,CN Ackermann,Mohammad Rizwan,BFW de Leede,Saud Shakeel,AT Nidamanuru,Iftikhar Ahmed,SA Edwards,Mohammad Nawaz,Saqib Zulfiqar,Shadab Khan,RE van der Merwe,Hasan Ali,LV van Beek,Shaheen Shah Afridi,A Dutt,Haris Rauf,PA van Meekeren,netherlands||pakistan,group
36.0,4661.0,2023-10-07,"arun jaitley stadium, delhi",delhi,south africa,sri lanka,1.0,field,0.0,Q de Kock,P Nissanka,T Bavuma,MDKJ Perera,HE van der Dussen,BKG Mendis,AK Markram,S Samarawickrama,H Klaasen,KIC Asalanka,DA Miller,DM de Silva,M Jansen,MD Shanaka,G Coetzee,DN Wellalage,KA Maharaj,CAK Rajitha,K Rabada,M Pathirana,L Ngidi,D Madushanka,south africa||sri lanka,group
37.0,4662.0,2023-10-08,"ma chidambaram stadium, chepauk, chennai",chennai,australia,india,0.0,bat,1.0,DA Warner,RG Sharma,MR Marsh,Ishan Kishan,SPD Smith,V Kohli,M Labuschagne,SS Iyer,GJ Maxwell,KL Rahul,AT Carey,HH Pandya,C Green,RA Jadeja,PJ Cummins,R Ashwin,MA Starc,Kuldeep Yadav,A Zampa,JJ Bumrah,JR Hazlewood,Mohammed Siraj,australia||india,group
38.0,4663.0,2023-10-09,"rajiv gandhi international stadium, uppal, hyderabad",hyderabad,new zealand,netherlands,1.0,field,0.0,DP Conway,Vikramjit Singh,WA Young,MP O'Dowd,R Ravindra,CN Ackermann,DJ Mitchell,BFW de Leede,TWM Latham,AT Nidamanuru,GD Phillips,SA Edwards,MS Chapman,SA Engelbrecht,MJ Santner,RE van der Merwe,MJ Henry,R Klein,LH Ferguson,A Dutt,TA Boult,PA van Meekeren,netherlands||new zealand,group
39.0,4664.0,2023-10-10,"himachal pradesh cricket association stadium, dharamsala",dharamsala,england,bangladesh,1.0,field,0.0,JM Bairstow,Liton Das,DJ Malan,Tanzid Hasan,JE Root,Nazmul Hossain Shanto,JC Buttler,Shakib Al Hasan,HC Brook,Mehedi Hasan Miraz,LS Livingstone,Mushfiqur Rahim,SM Curran,Towhid Hridoy,CR Woakes,Mahedi Hasan,AU Rashid,Taskin Ahmed,MA Wood,Shoriful Islam,RJW Topley,Mustafizur Rahman,bangladesh||england,group
40.0,4665.0,2023-10-10,"rajiv gandhi international stadium, uppal, hyderabad",hyderabad,sri lanka,pakistan,0.0,bat,1.0,P Nissanka,Abdullah Shafique,MDKJ Perera,Imam-ul-Haq,BKG Mendis,Babar Azam,S Samarawickrama,Mohammad Rizwan,KIC Asalanka,Saud Shakeel,DM de Silva,Iftikhar Ahmed,MD Shanaka,Shadab Khan,DN Wellalage,Mohammad Nawaz,M Theekshana,Hasan Ali,M Pathirana,Shaheen Shah Afridi,D Madushanka,Haris Rauf,pakistan||sri lanka,group
41.0,4667.0,2023-10-12,"bharat ratna shri atal bihari vajpayee ekana cricket stadium, lucknow",lucknow,south africa,australia,1.0,field,0.0,Q de Kock,MR Marsh,T Bavuma,DA Warner,HE van der Dussen,SPD Smith,AK Markram,M Labuschagne,H Klaasen,JP Inglis,DA Miller,GJ Maxwell,M Jansen,MP Stoinis,K Rabada,MA Starc,KA Maharaj,PJ Cummins,L Ngidi,A Zampa,T Shamsi,JR Hazlewood,australia||south africa,group
42.0,4668.0,2023-10-13,"ma chidambaram stadium, chepauk, chennai",chennai,bangladesh,new zealand,1.0,field,1.0,Liton Das,DP Conway,Tanzid Hasan,R Ravindra,Mehedi Hasan Miraz,KS Williamson,Nazmul Hossain Shanto,DJ Mitchell,Shakib Al Hasan,GD Phillips,Mushfiqur Rahim,TWM Latham,Towhid Hridoy,MS Chapman,Mahmudullah,MJ Santner,Taskin Ahmed,MJ Henry,Mustafizur Rahman,LH Ferguson,Shoriful Islam,TA Boult,bangladesh||new zealand,group
43.0,4669.0,2023-10-14,"narendra modi stadium, ahmedabad",ahmedabad,pakistan,india,1.0,field,1.0,Abdullah Shafique,RG Sharma,Imam-ul-Haq,Shubman Gill,Babar Azam,V Kohli,Mohammad Rizwan,SS Iyer,Saud Shakeel,KL Rahul,Iftikhar Ahmed,HH Pandya,Shadab Khan,RA Jadeja,Mohammad Nawaz,SN Thakur,Hasan Ali,JJ Bumrah,Shaheen Shah Afridi,Kuldeep Yadav,Haris Rauf,Mohammed Siraj,india||pakistan,group
44.0,4671.0,2023-10-16,"bharat ratna shri atal bihari vajpayee ekana cricket stadium, lucknow",lucknow,sri lanka,australia,0.0,bat,1.0,P Nissanka,MR Marsh,MDKJ Perera,DA Warner,BKG Mendis,SPD Smith,S Samarawickrama,M Labuschagne,KIC Asalanka,JP Inglis,DM de Silva,GJ Maxwell,DN Wellalage,MP Stoinis,C Karunaratne,MA Starc,M Theekshana,PJ Cummins,CBRLS Kumara,A Zampa,D Madushanka,JR Hazlewood,australia||sri lanka,group
45.0,4672.0,2023-10-17,"himachal pradesh cricket association stadium, dharamsala",dharamsala,netherlands,south africa,1.0,field,0.0,Vikramjit Singh,T Bavuma,MP O'Dowd,Q de Kock,CN Ackermann,HE van der Dussen,BFW de Leede,AK Markram,SA Engelbrecht,H Klaasen,AT Nidamanuru,DA Miller,SA Edwards,M Jansen,LV van Beek,G Coetzee,RE van der Merwe,KA Maharaj,A Dutt,K Rabada,PA van Meekeren,L Ngidi,netherlands||south africa,group
46.0,4674.0,2023-10-19,"maharashtra cricket association stadium, pune",pune,bangladesh,india,0.0,bat,1.0,Tanzid Hasan,RG Sharma,Liton Das,Shubman Gill,Nazmul Hossain Shanto,V Kohli,Mehedi Hasan Miraz,SS Iyer,Towhid Hridoy,KL Rahul,Mushfiqur Rahim,HH Pandya,Mahmudullah,RA Jadeja,Nasum Ahmed,SN Thakur,Mustafizur Rahman,JJ Bumrah,Shoriful Islam,Kuldeep Yadav,Hasan Mahmud,Mohammed Siraj,bangladesh||india,group
47.0,4675.0,2023-10-20,"m chinnaswamy stadium, bengaluru",bengaluru,australia,pakistan,1.0,field,0.0,DA Warner,Abdullah Shafique,MR Marsh,Imam-ul-Haq,GJ Maxwell,Babar Azam,SPD Smith,Mohammad Rizwan,MP Stoinis,Saud Shakeel,JP Inglis,Iftikhar Ahmed,M Labuschagne,Mohammad Nawaz,PJ Cummins,Usama Mir,MA Starc,Shaheen Shah Afridi,JR Hazlewood,Hasan Ali,A Zampa,Haris Rauf,australia||pakistan,group
48.0,4676.0,2023-10-21,"bharat ratna shri atal bihari vajpayee ekana cricket stadium, lucknow",lucknow,netherlands,sri lanka,0.0,bat,1.0,Vikramjit Singh,P Nissanka,MP O'Dowd,MDKJ Perera,CN Ackermann,BKG Mendis,BFW de Leede,S Samarawickrama,AT Nidamanuru,KIC Asalanka,SA Edwards,DM de Silva,SA Engelbrecht,MADI Hemantha,LV van Beek,C Karunaratne,RE van der Merwe,M Theekshana,A Dutt,CAK Rajitha,PA van Meekeren,D Madushanka,netherlands||sri lanka,group
49.0,4677.0,2023-10-21,"wankhede stadium, mumbai",mumbai,south africa,england,1.0,field,0.0,Q de Kock,JM Bairstow,RR Hendricks,DJ Malan,HE van der Dussen,JE Root,AK Markram,BA Stokes,H Klaasen,HC Brook,DA Miller,JC Buttler,M Jansen,DJ Willey,G Coetzee,AU Rashid,KA Maharaj,AAP Atkinson,K Rabada,MA Wood,L Ngidi,RJW Topley,england||south africa,group
50.0,4678.0,2023-10-22,"himachal pradesh cricket association stadium, dharamsala",dharamsala,new zealand,india,1.0,field,1.0,DP Conway,RG Sharma,WA Young,Shubman Gill,R Ravindra,V Kohli,DJ Mitchell,SS Iyer,TWM Latham,KL Rahul,GD Phillips,SA Yadav,MS Chapman,RA Jadeja,MJ Santner,Mohammed Shami,MJ Henry,JJ Bumrah,LH Ferguson,Kuldeep Yadav,TA Boult,Mohammed Siraj,india||new zealand,group
51.0,4680.0,2023-10-24,"wankhede stadium, mumbai",mumbai,south africa,bangladesh,0.0,bat,0.0,Q de Kock,Tanzid Hasan,RR Hendricks,Liton Das,HE van der Dussen,Nazmul Hossain Shanto,AK Markram,Shakib Al Hasan,H Klaasen,Mushfiqur Rahim,DA Miller,Mahmudullah,M Jansen,Mehedi Hasan Miraz,G Coetzee,Nasum Ahmed,KA Maharaj,Hasan Mahmud,K Rabada,Mustafizur Rahman,LB Williams,Shoriful Islam,bangladesh||south africa,group
52.0,4681.0,2023-10-25,"arun jaitley stadium, delhi",delhi,australia,netherlands,0.0,bat,0.0,MR Marsh,Vikramjit Singh,DA Warner,MP O'Dowd,SPD Smith,CN Ackermann,M Labuschagne,SA Engelbrecht,JP Inglis,BFW de Leede,GJ Maxwell,SA Edwards,C Green,AT Nidamanuru,PJ Cummins,LV van Beek,MA Starc,RE van der Merwe,A Zampa,A Dutt,JR Hazlewood,PA van Meekeren,australia||netherlands,group
53.0,4682.0,2023-10-26,"m chinnaswamy stadium, bengaluru",bengaluru,england,sri lanka,0.0,bat,1.0,JM Bairstow,P Nissanka,DJ Malan,MDKJ Perera,JE Root,BKG Mendis,BA Stokes,S Samarawickrama,JC Buttler,KIC Asalanka,LS Livingstone,DM de Silva,MM Ali,AD Mathews,CR Woakes,M Theekshana,DJ Willey,CAK Rajitha,AU Rashid,D Madushanka,MA Wood,CBRLS Kumara,england||sri lanka,group
54.0,4683.0,2023-10-27,"ma chidambaram stadium, chepauk, chennai",chennai,pakistan,south africa,0.0,bat,1.0,Usama Mir,T Bavuma,Abdullah Shafique,Q de Kock,Imam-ul-Haq,HE van der Dussen,Babar Azam,AK Markram,Mohammad Rizwan,H Klaasen,Iftikhar Ahmed,DA Miller,Saud Shakeel,M Jansen,Shadab Khan,G Coetzee,Mohammad Nawaz,KA Maharaj,Shaheen Shah Afridi,L Ngidi,Mohammad Wasim,T Shamsi,pakistan||south africa,group
55.0,4684.0,2023-10-28,"himachal pradesh cricket association stadium, dharamsala",dharamsala,australia,new zealand,1.0,field,0.0,DA Warner,DP Conway,TM Head,WA Young,MR Marsh,R Ravindra,SPD Smith,DJ Mitchell,M Labuschagne,TWM Latham,GJ Maxwell,GD Phillips,JP Inglis,JDS Neesham,PJ Cummins,MJ Santner,MA Starc,MJ Henry,A Zampa,TA Boult,JR Hazlewood,LH Ferguson,australia||new zealand,group
56.0,4685.0,2023-10-28,"eden gardens, kolkata",kolkata,netherlands,bangladesh,0.0,bat,0.0,Vikramjit Singh,Liton Das,MP O'Dowd,Tanzid Hasan,W Barresi,Mehedi Hasan Miraz,CN Ackermann,Nazmul Hossain Shanto,SA Edwards,Shakib Al Hasan,BFW de Leede,Mushfiqur Rahim,SA Engelbrecht,Mahmudullah,LV van Beek,Mahedi Hasan,Shariz Ahmad,Taskin Ahmed,A Dutt,Mustafizur Rahman,PA van Meekeren,Shoriful Islam,bangladesh||netherlands,group
57.0,4686.0,2023-10-29,"bharat ratna shri atal bihari vajpayee ekana cricket stadium, lucknow",lucknow,india,england,1.0,field,0.0,RG Sharma,JM Bairstow,Shubman Gill,DJ Malan,V Kohli,JE Root,SS Iyer,BA Stokes,KL Rahul,JC Buttler,SA Yadav,MM Ali,RA Jadeja,LS Livingstone,Mohammed Shami,CR Woakes,JJ Bumrah,DJ Willey,Kuldeep Yadav,AU Rashid,Mohammed Siraj,MA Wood,england||india,group
58.0,4688.0,2023-10-31,"eden gardens, kolkata",kolkata,bangladesh,pakistan,0.0,bat,1.0,Tanzid Hasan,Abdullah Shafique,Liton Das,Fakhar Zaman,Nazmul Hossain Shanto,Babar Azam,Mushfiqur Rahim,Mohammad Rizwan,Mahmudullah,Iftikhar Ahmed,Shakib Al Hasan,Saud Shakeel,Towhid Hridoy,Agha Salman,Mehedi Hasan Miraz,Shaheen Shah Afridi,Taskin Ahmed,Usama Mir,Mustafizur Rahman,Mohammad Wasim,Shoriful Islam,Haris Rauf,bangladesh||pakistan,group
59.0,4689.0,2023-11-01,"maharashtra cricket association stadium, pune",pune,south africa,new zealand,1.0,field,0.0,Q de Kock,DP Conway,T Bavuma,WA Young,HE van der Dussen,R Ravindra,DA Miller,DJ Mitchell,H Klaasen,TWM Latham,AK Markram,GD Phillips,M Jansen,MJ Santner,G Coetzee,TG Southee,KA Maharaj,JDS Neesham,K Rabada,TA Boult,L Ngidi,MJ Henry,new zealand||south africa,group
60.0,4690.0,2023-11-02,"wankhede stadium, mumbai",mumbai,india,sri lanka,1.0,field,0.0,RG Sharma,P Nissanka,Shubman Gill,FDM Karunaratne,V Kohli,BKG Mendis,SS Iyer,S Samarawickrama,KL Rahul,KIC Asalanka,SA Yadav,AD Mathews,RA Jadeja,MADI Hemantha,Mohammed Shami,PVD Chameera,JJ Bumrah,M Theekshana,Kuldeep Yadav,CAK Rajitha,Mohammed Siraj,D Madushanka,india||sri lanka,group
61.0,4692.0,2023-11-04,"m chinnaswamy stadium, bengaluru",bengaluru,new zealand,pakistan,1.0,field,1.0,DP Conway,Abdullah Shafique,R Ravindra,Fakhar Zaman,KS Williamson,Babar Azam,DJ Mitchell,Mohammad Rizwan,MS Chapman,Saud Shakeel,GD Phillips,Iftikhar Ahmed,MJ Santner,Agha Salman,TWM Latham,Hasan Ali,IS Sodhi,Shaheen Shah Afridi,TG Southee,Mohammad Wasim,TA Boult,Haris Rauf,new zealand||pakistan,group
62.0,4693.0,2023-11-04,"narendra modi stadium, ahmedabad",ahmedabad,australia,england,1.0,field,0.0,TM Head,JM Bairstow,DA Warner,DJ Malan,SPD Smith,JE Root,M Labuschagne,BA Stokes,JP Inglis,JC Buttler,C Green,MM Ali,MP Stoinis,LS Livingstone,PJ Cummins,CR Woakes,MA Starc,DJ Willey,A Zampa,AU Rashid,JR Hazlewood,MA Wood,australia||england,group
63.0,4694.0,2023-11-05,"eden gardens, kolkata",kolkata,india,south africa,0.0,bat,0.0,RG Sharma,Q de Kock,Shubman Gill,T Bavuma,V Kohli,HE van der Dussen,SS Iyer,AK Markram,KL Rahul,H Klaasen,SA Yadav,DA Miller,RA Jadeja,M Jansen,Mohammed Shami,KA Maharaj,JJ Bumrah,K Rabada,Kuldeep Yadav,L Ngidi,Mohammed Siraj,T Shamsi,india||south africa,group
64.0,4695.0,2023-11-06,"arun jaitley stadium, delhi",delhi,sri lanka,bangladesh,1.0,field,1.0,P Nissanka,Tanzid Hasan,MDKJ Perera,Liton Das,BKG Mendis,Nazmul Hossain Shanto,S Samarawickrama,Shakib Al Hasan,KIC Asalanka,Mahmudullah,AD Mathews,Mushfiqur Rahim,DM de Silva,Towhid Hridoy,M Theekshana,Mehedi Hasan Miraz,PVD Chameera,Tanzim Hasan Sakib,CAK Rajitha,Taskin Ahmed,D Madushanka,Shoriful Islam,bangladesh||sri lanka,group
65.0,4697.0,2023-11-08,"maharashtra cricket association stadium, pune",pune,england,netherlands,0.0,bat,0.0,JM Bairstow,W Barresi,DJ Malan,MP O'Dowd,JE Root,CN Ackermann,BA Stokes,SA Engelbrecht,HC Brook,SA Edwards,JC Buttler,BFW de Leede,MM Ali,AT Nidamanuru,CR Woakes,LV van Beek,DJ Willey,RE van der Merwe,AAP Atkinson,A Dutt,AU Rashid,PA van Meekeren,england||netherlands,group
66.0,4698.0,2023-11-09,"m chinnaswamy stadium, bengaluru",bengaluru,sri lanka,new zealand,1.0,field,1.0,P Nissanka,DP Conway,MDKJ Perera,R Ravindra,BKG Mendis,KS Williamson,S Samarawickrama,DJ Mitchell,KIC Asalanka,MS Chapman,AD Mathews,GD Phillips,DM de Silva,TWM Latham,C Karunaratne,MJ Santner,M Theekshana,LH Ferguson,PVD Chameera,TG Southee,D Madushanka,TA Boult,new zealand||sri lanka,group
67.0,4700.0,2023-11-11,"maharashtra cricket association stadium, pune",pune,bangladesh,australia,1.0,field,1.0,Tanzid Hasan,TM Head,Liton Das,DA Warner,Nazmul Hossain Shanto,MR Marsh,Towhid Hridoy,SPD Smith,Mahmudullah,M Labuschagne,Mushfiqur Rahim,JP Inglis,Mehedi Hasan Miraz,MP Stoinis,Nasum Ahmed,PJ Cummins,Mahedi Hasan,A Zampa,Taskin Ahmed,JR Hazlewood,Mustafizur Rahman,SA Abbott,australia||bangladesh,group
68.0,4701.0,2023-11-11,"eden gardens, kolkata",kolkata,england,pakistan,0.0,bat,0.0,DJ Malan,Abdullah Shafique,JM Bairstow,Fakhar Zaman,JE Root,Babar Azam,BA Stokes,Mohammad Rizwan,JC Buttler,Saud Shakeel,HC Brook,Agha Salman,MM Ali,Iftikhar Ahmed,CR Woakes,Shadab Khan,DJ Willey,Shaheen Shah Afridi,AAP Atkinson,Mohammad Wasim,AU Rashid,Haris Rauf,england||pakistan,group
69.0,4702.0,2023-11-12,"m chinnaswamy stadium, bengaluru",bengaluru,india,netherlands,0.0,bat,0.0,RG Sharma,W Barresi,Shubman Gill,MP O'Dowd,V Kohli,CN Ackermann,SS Iyer,SA Engelbrecht,KL Rahul,SA Edwards,SA Yadav,BFW de Leede,RA Jadeja,AT Nidamanuru,JJ Bumrah,LV van Beek,Mohammed Shami,RE van der Merwe,Kuldeep Yadav,A Dutt,Mohammed Siraj,PA van Meekeren,india||netherlands,group
70.0,4703.0,2023-11-15,"wankhede stadium, mumbai",mumbai,india,new zealand,0.0,bat,0.0,RG Sharma,DP Conway,Shubman Gill,R Ravindra,V Kohli,KS Williamson,SS Iyer,DJ Mitchell,KL Rahul,TWM Latham,SA Yadav,GD Phillips,RA Jadeja,MS Chapman,JJ Bumrah,MJ Santner,Mohammed Shami,TG Southee,Kuldeep Yadav,TA Boult,Mohammed Siraj,LH Ferguson,india||new zealand,semi_final
71.0,4704.0,2023-11-16,"eden gardens, kolkata",kolkata,south africa,australia,0.0,bat,1.0,Q de Kock,TM Head,T Bavuma,DA Warner,HE van der Dussen,MR Marsh,AK Markram,SPD Smith,H Klaasen,M Labuschagne,DA Miller,GJ Maxwell,M Jansen,JP Inglis,G Coetzee,MA Starc,KA Maharaj,PJ Cummins,K Rabada,A Zampa,T Shamsi,JR Hazlewood,australia||south africa,semi_final
72.0,4705.0,2023-11-19,"narendra modi stadium, ahmedabad",ahmedabad,india,australia,1.0,field,1.0,RG Sharma,DA Warner,Shubman Gill,TM Head,V Kohli,MR Marsh,SS Iyer,SPD Smith,KL Rahul,M Labuschagne,RA Jadeja,GJ Maxwell,SA Yadav,JP Inglis,Mohammed Shami,MA Starc,JJ Bumrah,PJ Cummins,Kuldeep Yadav,A Zampa,Mohammed Siraj,JR Hazlewood,australia||india,final
73.0,2531.0,2007-03-13,"sabina park, kingston",jamaica,west indies,pakistan,1.0,field,0.0,CH Gayle,Imran Nazir,S Chanderpaul,Mohammad Hafeez,RR Sarwan,Younis Khan,MN Samuels,Mohammad Yousuf,BC Lara,Inzamam-ul-Haq,DJ Bravo,Shoaib Malik,D Ramdin,Kamran Akmal,DR Smith,Naved-ul-Hasan,JE Taylor,Iftikhar Anjum,DBL Powell,Umar Gul,CD Collymore,Danish Kaneria,pakistan||west indies,group
74.0,2532.0,2007-03-14,"warner park, basseterre",st kitts,australia,scotland,1.0,field,0.0,AC Gilchrist,DF Watts,ML Hayden,RM Haq,RT Ponting,NS Poonia,MJ Clarke,RR Watson,BJ Hodge,GM Hamilton,MEK Hussey,DR Brown,SR Watson,CJO Smith,GB Hogg,CM Wright,NW Bracken,GA Rogers,SW Tait,PJC Hoffmann,GD McGrath,JAR Blain,australia||scotland,group
75.0,2534.0,2007-03-15,"queen's park oval, port of spain",trinidad,bermuda,sri lanka,1.0,bat,1.0,CJ Smith,WU Tharanga,OL Pitcher,ST Jayasuriya,S Mukuddem,DPMD Jayawardene,DL Hemp,KC Sangakkara,IH Romaine,LPC Silva,JJ Tucker,TM Dilshan,DA Minors,MF Maharoof,LOB Cann,RP Arnold,DCC Borden,M Muralitharan,KAD Hurdle,WPUJC Vaas,RDM Leverock,SL Malinga,bermuda||sri lanka,group
76.0,2537.0,2007-03-16,"warner park, basseterre",st kitts,netherlands,south africa,0.0,field,1.0,B Zuiderent,AB de Villiers,DJ Reekers,GC Smith,AN Kervezee,JH Kallis,RN ten Doeschate,HH Gibbs,DLS van Bunge,MV Boucher,ES Szwarczynski,AG Prince,TBM de Leede,JM Kemp,PW Borren,SM Pollock,LP van Troost,AJ Hall,WF Stelling,CK Langeveldt,J Smits,A Nel,netherlands||south africa,group
77.0,2536.0,2007-03-16,"beausejour stadium, gros islet",st lucia,england,new zealand,1.0,field,1.0,EC Joyce,L Vincent,MP Vaughan,SP Fleming,IR Bell,LRPL Taylor,KP Pietersen,SB Styris,PD Collingwood,CD McMillan,A Flintoff,JDP Oram,JWM Dalrymple,BB McCullum,PA Nixon,DL Vettori,LE Plunkett,JEC Franklin,JM Anderson,SE Bond,MS Panesar,JS Patel,england||new zealand,group
78.0,2538.0,2007-03-17,"queen's park oval, port of spain",trinidad,bangladesh,india,1.0,bat,0.0,Tamim Iqbal,SC Ganguly,Shahriar Nafees,V Sehwag,Mushfiqur Rahim,RV Uthappa,Aftab Ahmed,SR Tendulkar,Shakib Al Hasan,R Dravid,Habibul Bashar,Yuvraj Singh,Mohammad Ashraful,MS Dhoni,Mohammad Rafique,Harbhajan Singh,Mashrafe Mortaza,AB Agarkar,Abdur Razzak,Z Khan,Syed Rasel,MM Patel,bangladesh||india,group
79.0,2539.0,2007-03-17,"sabina park, kingston",jamaica,ireland,pakistan,0.0,field,0.0,JP Bray,Imran Nazir,WTS Porterfield,Mohammad Hafeez,EJG Morgan,Younis Khan,NJ O'Brien,Mohammad Yousuf,AC Botha,Inzamam-ul-Haq,KJ O'Brien,Shoaib Malik,AR White,Kamran Akmal,WK McCallan,Azhar Mahmood,DT Johnston,Mohammad Sami,D Langford-Smith,Iftikhar Anjum,WB Rankin,Umar Gul,ireland||pakistan,group
80.0,2540.0,2007-03-18,"warner park, basseterre",st kitts,australia,netherlands,0.0,bat,0.0,AC Gilchrist,B Zuiderent,ML Hayden,DJ Reekers,RT Ponting,AN Kervezee,MJ Clarke,RN ten Doeschate,BJ Hodge,LP van Troost,MEK Hussey,DLS van Bunge,SR Watson,TBM de Leede,GB Hogg,PW Borren,NW Bracken,J Smits,SW Tait,Adeel Raja,GD McGrath,MBS Jonkman,australia||netherlands,group
81.0,2541.0,2007-03-18,"beausejour stadium, gros islet",st lucia,canada,england,0.0,field,1.0,JM Davison,EC Joyce,GEF Barnett,MP Vaughan,A Bagai,IR Bell,IS Billcliff,KP Pietersen,AM Samad,PD Collingwood,AA Mulla,RS Bopara,DR Chumney,JWM Dalrymple,S Dhaniram,PA Nixon,GR Codrington,LE Plunkett,U Bhatti,JM Anderson,AC Cummins,MS Panesar,canada||england,group
82.0,2542.0,2007-03-19,"queen's park oval, port of spain",trinidad,bermuda,india,0.0,field,1.0,OL Pitcher,RV Uthappa,SD Outerbridge,SC Ganguly,DCC Borden,V Sehwag,DL Hemp,MS Dhoni,IH Romaine,Yuvraj Singh,JJ Tucker,SR Tendulkar,DA Minors,R Dravid,LOB Cann,AB Agarkar,KAD Hurdle,A Kumble,RDM Leverock,Z Khan,MO Jones,MM Patel,bermuda||india,group
83.0,2543.0,2007-03-19,"sabina park, kingston",jamaica,west indies,zimbabwe,0.0,field,0.0,CH Gayle,V Sibanda,S Chanderpaul,F Kasteni,RR Sarwan,CJ Chibhabha,MN Samuels,BRM Taylor,BC Lara,S Matsikenyeri,DJ Bravo,SC Williams,DR Smith,E Chigumbura,D Ramdin,P Utseya,JE Taylor,T Mupariwa,DBL Powell,CB Mpofu,CD Collymore,AJ Ireland,west indies||zimbabwe,group
84.0,2545.0,2007-03-20,"warner park, basseterre",st kitts,scotland,south africa,1.0,field,1.0,DF Watts,GC Smith,RM Haq,AB de Villiers,RR Watson,AG Prince,GM Hamilton,JM Kemp,NFI McCallum,SM Pollock,DR Brown,JH Kallis,CJO Smith,HH Gibbs,JAR Blain,MV Boucher,PJC Hoffmann,AJ Hall,GA Rogers,CK Langeveldt,JD Nel,M Ntini,scotland||south africa,group
85.0,2544.0,2007-03-20,"beausejour stadium, gros islet",st lucia,kenya,new zealand,0.0,field,1.0,MA Ouma,L Vincent,DO Obuya,SP Fleming,RD Shah,LRPL Taylor,SO Tikolo,SB Styris,T Mishra,CD McMillan,CO Obuya,JDP Oram,TM Odoyo,BB McCullum,JK Kamande,DL Vettori,LN Onyango,JEC Franklin,PJ Ongondo,SE Bond,HA Varaiya,MJ Mason,kenya||new zealand,group
86.0,2546.0,2007-03-21,"queen's park oval, port of spain",trinidad,bangladesh,sri lanka,0.0,field,1.0,Tamim Iqbal,WU Tharanga,Shahriar Nafees,ST Jayasuriya,Mushfiqur Rahim,DPMD Jayawardene,Aftab Ahmed,KC Sangakkara,Shakib Al Hasan,LPC Silva,Habibul Bashar,RP Arnold,Mohammad Ashraful,TM Dilshan,Mashrafe Mortaza,M Muralitharan,Mohammad Rafique,WPUJC Vaas,Abdur Razzak,SL Malinga,Syed Rasel,MF Maharoof,bangladesh||sri lanka,group
87.0,2547.0,2007-03-21,"sabina park, kingston",jamaica,pakistan,zimbabwe,1.0,field,0.0,Kamran Akmal,V Sibanda,Imran Nazir,CJ Chibhabha,Shoaib Malik,F Kasteni,Inzamam-ul-Haq,BRM Taylor,Mohammad Yousuf,S Matsikenyeri,Younis Khan,E Chigumbura,Shahid Afridi,SC Williams,Mohammad Sami,GB Brent,Iftikhar Anjum,P Utseya,Umar Gul,T Mupariwa,Danish Kaneria,CB Mpofu,pakistan||zimbabwe,group
88.0,2549.0,2007-03-22,"warner park, basseterre",st kitts,netherlands,scotland,0.0,field,0.0,B Zuiderent,NS Poonia,DJ Reekers,RM Haq,ES Szwarczynski,RR Watson,RN ten Doeschate,GM Hamilton,DLS van Bunge,DR Brown,TBM de Leede,NFI McCallum,MBS Jonkman,CJO Smith,WF Stelling,CM Wright,PW Borren,JAR Blain,J Smits,GA Rogers,Mohammad Kashif,PJC Hoffmann,netherlands||scotland,group
89.0,2548.0,2007-03-22,"beausejour stadium, gros islet",st lucia,canada,new zealand,0.0,field,1.0,JM Davison,L Vincent,GEF Barnett,SP Fleming,A Bagai,PG Fulton,IS Billcliff,SB Styris,AM Samad,CD McMillan,AA Mulla,JDP Oram,S Dhaniram,BB McCullum,U Bhatti,DL Vettori,AC Cummins,DR Tuffey,KT Sandher,JS Patel,H Osinde,MJ Mason,canada||new zealand,group
90.0,2550.0,2007-03-23,"queen's park oval, port of spain",trinidad,india,sri lanka,0.0,field,1.0,RV Uthappa,WU Tharanga,SC Ganguly,ST Jayasuriya,V Sehwag,DPMD Jayawardene,SR Tendulkar,KC Sangakkara,R Dravid,LPC Silva,Yuvraj Singh,TM Dilshan,MS Dhoni,RP Arnold,AB Agarkar,WPUJC Vaas,Harbhajan Singh,M Muralitharan,Z Khan,SL Malinga,MM Patel,CRD Fernando,india||sri lanka,group
91.0,2551.0,2007-03-23,"sabina park, kingston",jamaica,west indies,ireland,1.0,bat,0.0,CH Gayle,JP Bray,S Chanderpaul,WTS Porterfield,RR Sarwan,EJG Morgan,MN Samuels,NJ O'Brien,BC Lara,AC Botha,DJ Bravo,KJ O'Brien,DR Smith,AR White,D Ramdin,WK McCallan,IDR Bradshaw,JF Mooney,JE Taylor,D Langford-Smith,DBL Powell,WB Rankin,ireland||west indies,group
92.0,2552.0,2007-03-24,"warner park, basseterre",st kitts,australia,south africa,1.0,field,0.0,AC Gilchrist,GC Smith,ML Hayden,AB de Villiers,RT Ponting,JH Kallis,MJ Clarke,HH Gibbs,A Symonds,AG Prince,MEK Hussey,MV Boucher,SR Watson,JM Kemp,GB Hogg,SM Pollock,NW Bracken,AJ Hall,SW Tait,CK Langeveldt,GD McGrath,M Ntini,australia||south africa,group
93.0,2553.0,2007-03-24,"beausejour stadium, gros islet",st lucia,england,kenya,1.0,bat,0.0,EC Joyce,MA Ouma,MP Vaughan,RD Shah,IR Bell,AO Suji,KP Pietersen,SO Tikolo,PD Collingwood,T Mishra,A Flintoff,CO Obuya,RS Bopara,TM Odoyo,PA Nixon,JK Kamande,JM Anderson,LN Onyango,MS Panesar,PJ Ongondo,SI Mahmood,HA Varaiya,england||kenya,group
94.0,2554.0,2007-03-25,"queen's park oval, port of spain",trinidad,bangladesh,bermuda,0.0,field,0.0,Tamim Iqbal,SD Outerbridge,Shahriar Nafees,OL Pitcher,Aftab Ahmed,DCC Borden,Shakib Al Hasan,DL Hemp,Mohammad Ashraful,IH Romaine,Mushfiqur Rahim,DA Minors,Habibul Bashar,LOB Cann,Mohammad Rafique,JJ Tucker,Mashrafe Mortaza,KAD Hurdle,Abdur Razzak,S Mukuddem,Syed Rasel,RDM Leverock,bangladesh||bermuda,group
95.0,2555.0,2007-03-27,"sir vivian richards stadium, north sound",antigua,west indies,australia,0.0,field,1.0,CH Gayle,AC Gilchrist,S Chanderpaul,ML Hayden,RR Sarwan,RT Ponting,MN Samuels,MJ Clarke,BC Lara,A Symonds,DJ Bravo,MEK Hussey,D Ramdin,SR Watson,DR Smith,GB Hogg,JE Taylor,NW Bracken,DBL Powell,SW Tait,CD Collymore,GD McGrath,australia||west indies,super_eight
96.0,2556.0,2007-03-28,providence stadium,guyana,south africa,sri lanka,1.0,bat,0.0,GC Smith,WU Tharanga,AB de Villiers,ST Jayasuriya,JH Kallis,DPMD Jayawardene,HH Gibbs,KC Sangakkara,MV Boucher,LPC Silva,JM Kemp,TM Dilshan,SM Pollock,RP Arnold,AJ Hall,MF Maharoof,RJ Peterson,WPUJC Vaas,M Ntini,SL Malinga,CK Langeveldt,M Muralitharan,south africa||sri lanka,super_eight
97.0,2557.0,2007-03-29,"sir vivian richards stadium, north sound",antigua,west indies,new zealand,1.0,field,1.0,CH Gayle,PG Fulton,S Chanderpaul,SP Fleming,RR Sarwan,HJH Marshall,MN Samuels,SB Styris,BC Lara,CD McMillan,DJ Bravo,JDP Oram,D Ramdin,BB McCullum,LMP Simmons,DL Vettori,DR Smith,JEC Franklin,DBL Powell,SE Bond,CD Collymore,MJ Mason,new zealand||west indies,super_eight
98.0,2558.0,2007-03-30,providence stadium,guyana,england,ireland,0.0,bat,0.0,EC Joyce,WTS Porterfield,MP Vaughan,JP Bray,IR Bell,EJG Morgan,KP Pietersen,NJ O'Brien,PD Collingwood,AC Botha,A Flintoff,KJ O'Brien,PA Nixon,DT Johnston,RS Bopara,AR White,SI Mahmood,WK McCallan,JM Anderson,D Langford-Smith,MS Panesar,WB Rankin,england||ireland,super_eight
99.0,2559.0,2007-03-31,"sir vivian richards stadium, north sound",antigua,australia,bangladesh,0.0,field,0.0,AC Gilchrist,Tamim Iqbal,ML Hayden,Shahriar Nafees,RT Ponting,Aftab Ahmed,MJ Clarke,Shakib Al Hasan,A Symonds,Mohammad Ashraful,MEK Hussey,Habibul Bashar,SR Watson,Mashrafe Mortaza,GB Hogg,Mushfiqur Rahim,NW Bracken,Mohammad Rafique,SW Tait,Abdur Razzak,GD McGrath,Tapash Baisya,australia||bangladesh,super_eight
100.0,2560.0,2007-04-01,providence stadium,guyana,west indies,sri lanka,0.0,field,1.0,CH Gayle,WU Tharanga,DJ Bravo,ST Jayasuriya,S Chanderpaul,KC Sangakkara,BC Lara,DPMD Jayawardene,RR Sarwan,LPC Silva,MN Samuels,TM Dilshan,DR Smith,RP Arnold,D Ramdin,CRD Fernando,IDR Bradshaw,WPUJC Vaas,JE Taylor,SL Malinga,DBL Powell,M Muralitharan,sri lanka||west indies,super_eight
101.0,2561.0,2007-04-02,"sir vivian richards stadium, north sound",antigua,bangladesh,new zealand,1.0,field,1.0,Javed Omar,PG Fulton,Tamim Iqbal,SP Fleming,Aftab Ahmed,HJH Marshall,Shakib Al Hasan,SB Styris,Habibul Bashar,CD McMillan,Mohammad Ashraful,JDP Oram,Mushfiqur Rahim,BB McCullum,Mashrafe Mortaza,DL Vettori,Mohammad Rafique,JEC Franklin,Abdur Razzak,SE Bond,Syed Rasel,MJ Mason,bangladesh||new zealand,super_eight
102.0,2562.0,2007-04-03,providence stadium,guyana,ireland,south africa,1.0,field,1.0,JP Bray,AB de Villiers,WTS Porterfield,GC Smith,EJG Morgan,JH Kallis,NJ O'Brien,HH Gibbs,AR White,AG Prince,AC Botha,MV Boucher,DT Johnston,JM Kemp,WK McCallan,SM Pollock,PJK Mooney,AJ Hall,D Langford-Smith,CK Langeveldt,WB Rankin,M Ntini,ireland||south africa,super_eight
103.0,2563.0,2007-04-04,"sir vivian richards stadium, north sound",antigua,england,sri lanka,0.0,field,1.0,EC Joyce,WU Tharanga,MP Vaughan,ST Jayasuriya,IR Bell,KC Sangakkara,KP Pietersen,DPMD Jayawardene,PD Collingwood,LPC Silva,A Flintoff,TM Dilshan,RS Bopara,RP Arnold,PA Nixon,WPUJC Vaas,SI Mahmood,SL Malinga,JM Anderson,M Muralitharan,MS Panesar,CRD Fernando,england||sri lanka,super_eight
104.0,2564.0,2007-04-07,providence stadium,guyana,bangladesh,south africa,1.0,field,0.0,Javed Omar,GC Smith,Tamim Iqbal,AB de Villiers,Habibul Bashar,JH Kallis,Shakib Al Hasan,JM Kemp,Mohammad Ashraful,AG Prince,Aftab Ahmed,MV Boucher,Mushfiqur Rahim,HH Gibbs,Mashrafe Mortaza,SM Pollock,Mohammad Rafique,A Nel,Abdur Razzak,CK Langeveldt,Syed Rasel,M Ntini,bangladesh||south africa,super_eight
105.0,2565.0,2007-04-08,"sir vivian richards stadium, north sound",antigua,australia,england,1.0,bat,0.0,AC Gilchrist,IR Bell,ML Hayden,MP Vaughan,RT Ponting,AJ Strauss,MJ Clarke,KP Pietersen,A Symonds,PD Collingwood,MEK Hussey,A Flintoff,BJ Hodge,RS Bopara,GB Hogg,PA Nixon,NW Bracken,SI Mahmood,SW Tait,MS Panesar,GD McGrath,JM Anderson,australia||england,super_eight
106.0,2566.0,2007-04-09,providence stadium,guyana,ireland,new zealand,1.0,bat,1.0,WTS Porterfield,PG Fulton,JP Bray,SP Fleming,EJG Morgan,HJH Marshall,NJ O'Brien,SB Styris,KJ O'Brien,CD McMillan,DT Johnston,JDP Oram,AR White,BB McCullum,PG Gillespie,DL Vettori,WK McCallan,JEC Franklin,D Langford-Smith,SE Bond,WB Rankin,JS Patel,ireland||new zealand,super_eight
107.0,2567.0,2007-04-10,"national cricket stadium, st george's",grenada,west indies,south africa,0.0,field,1.0,CH Gayle,AB de Villiers,S Chanderpaul,GC Smith,DS Smith,JH Kallis,BC Lara,HH Gibbs,RR Sarwan,MV Boucher,DJ Bravo,SM Pollock,KA Pollard,AG Prince,D Ramdin,LE Bosman,IDR Bradshaw,AJ Hall,DBL Powell,A Nel,CD Collymore,M Ntini,south africa||west indies,super_eight
108.0,2568.0,2007-04-11,"kensington oval, bridgetown",barbados,bangladesh,england,1.0,field,1.0,Tamim Iqbal,IR Bell,Shahriar Nafees,MP Vaughan,Habibul Bashar,AJ Strauss,Mushfiqur Rahim,KP Pietersen,Shakib Al Hasan,PD Collingwood,Mohammad Ashraful,A Flintoff,Aftab Ahmed,RS Bopara,Mashrafe Mortaza,PA Nixon,Mohammad Rafique,SI Mahmood,Abdur Razzak,JM Anderson,Syed Rasel,MS Panesar,bangladesh||england,super_eight
109.0,2569.0,2007-04-12,"national cricket stadium, st george's",grenada,new zealand,sri lanka,0.0,bat,1.0,PG Fulton,WU Tharanga,SP Fleming,ST Jayasuriya,LRPL Taylor,KC Sangakkara,SB Styris,DPMD Jayawardene,CD McMillan,LPC Silva,JDP Oram,TM Dilshan,BB McCullum,RP Arnold,DL Vettori,MF Maharoof,JEC Franklin,WPUJC Vaas,SE Bond,CRD Fernando,MR Gillespie,M Muralitharan,new zealand||sri lanka,super_eight
110.0,2570.0,2007-04-13,"kensington oval, bridgetown",barbados,australia,ireland,0.0,field,0.0,AC Gilchrist,JP Bray,MEK Hussey,WTS Porterfield,A Symonds,EJG Morgan,ML Hayden,NJ O'Brien,RT Ponting,KJ O'Brien,MJ Clarke,AR White,BJ Hodge,DT Johnston,GB Hogg,WK McCallan,SR Clark,JF Mooney,SW Tait,D Langford-Smith,GD McGrath,WB Rankin,australia||ireland,super_eight
111.0,2571.0,2007-04-14,"national cricket stadium, st george's",grenada,new zealand,south africa,0.0,field,0.0,PG Fulton,GC Smith,SP Fleming,AB de Villiers,LRPL Taylor,JH Kallis,SB Styris,HH Gibbs,CD McMillan,AG Prince,JDP Oram,MV Boucher,BB McCullum,SM Pollock,DL Vettori,AJ Hall,JEC Franklin,RJ Peterson,SE Bond,A Nel,JS Patel,M Ntini,new zealand||south africa,super_eight
112.0,2572.0,2007-04-15,"kensington oval, bridgetown",barbados,bangladesh,ireland,1.0,bat,1.0,Tamim Iqbal,WTS Porterfield,Shahriar Nafees,JP Bray,Aftab Ahmed,EJG Morgan,Shakib Al Hasan,NJ O'Brien,Mohammad Ashraful,KJ O'Brien,Habibul Bashar,DT Johnston,Mushfiqur Rahim,AR White,Mashrafe Mortaza,D Langford-Smith,Mohammad Rafique,AC Botha,Abdur Razzak,WK McCallan,Shahadat Hossain,WB Rankin,bangladesh||ireland,super_eight
113.0,2573.0,2007-04-16,"national cricket stadium, st george's",grenada,australia,sri lanka,1.0,bat,0.0,AC Gilchrist,WU Tharanga,ML Hayden,ST Jayasuriya,RT Ponting,KC Sangakkara,MJ Clarke,DPMD Jayawardene,A Symonds,LPC Silva,MEK Hussey,TM Dilshan,BJ Hodge,RP Arnold,GB Hogg,MF Maharoof,NW Bracken,KMDN Kulasekara,SW Tait,HMCM Bandara,GD McGrath,CRD Fernando,australia||sri lanka,super_eight
114.0,2574.0,2007-04-17,"kensington oval, bridgetown",barbados,england,south africa,0.0,bat,1.0,IR Bell,AB de Villiers,MP Vaughan,GC Smith,AJ Strauss,JH Kallis,KP Pietersen,HH Gibbs,PD Collingwood,AG Prince,A Flintoff,MV Boucher,RS Bopara,JM Kemp,PA Nixon,SM Pollock,SI Mahmood,AJ Hall,MS Panesar,A Nel,JM Anderson,CK Langeveldt,england||south africa,super_eight
115.0,2575.0,2007-04-18,"national cricket stadium, st george's",grenada,ireland,sri lanka,1.0,field,1.0,JP Bray,WU Tharanga,WTS Porterfield,ST Jayasuriya,AC Botha,KC Sangakkara,EJG Morgan,DPMD Jayawardene,NJ O'Brien,LPC Silva,KJ O'Brien,TM Dilshan,KED Carroll,RP Arnold,DT Johnston,MF Maharoof,WK McCallan,WPUJC Vaas,D Langford-Smith,KMDN Kulasekara,WB Rankin,M Muralitharan,ireland||sri lanka,super_eight
116.0,2576.0,2007-04-19,"kensington oval, bridgetown",barbados,west indies,bangladesh,1.0,field,0.0,CH Gayle,Javed Omar,DS Smith,Tamim Iqbal,S Chanderpaul,Aftab Ahmed,MN Samuels,Shakib Al Hasan,RR Sarwan,Mohammad Ashraful,BC Lara,Habibul Bashar,DJ Bravo,Mushfiqur Rahim,D Ramdin,Mashrafe Mortaza,DBL Powell,Mohammad Rafique,CD Collymore,Abdur Razzak,JE Taylor,Syed Rasel,bangladesh||west indies,super_eight
117.0,2577.0,2007-04-20,"national cricket stadium, st george's",grenada,australia,new zealand,0.0,bat,0.0,AC Gilchrist,PG Fulton,ML Hayden,SP Fleming,RT Ponting,LRPL Taylor,MJ Clarke,SB Styris,MEK Hussey,CD McMillan,A Symonds,JEC Franklin,SR Watson,BB McCullum,GB Hogg,DL Vettori,NW Bracken,MR Gillespie,SW Tait,MJ Mason,GD McGrath,JS Patel,australia||new zealand,super_eight
118.0,2578.0,2007-04-21,"kensington oval, bridgetown",barbados,west indies,england,1.0,field,1.0,CH Gayle,AJ Strauss,DS Smith,MP Vaughan,BC Lara,RS Bopara,MN Samuels,KP Pietersen,RR Sarwan,PD Collingwood,S Chanderpaul,A Flintoff,DJ Bravo,JWM Dalrymple,D Ramdin,PA Nixon,JE Taylor,LE Plunkett,DBL Powell,SCJ Broad,CD Collymore,JM Anderson,england||west indies,super_eight
119.0,2579.0,2007-04-24,"sabina park, kingston",jamaica,new zealand,sri lanka,1.0,bat,1.0,PG Fulton,WU Tharanga,SP Fleming,ST Jayasuriya,LRPL Taylor,KC Sangakkara,SB Styris,DPMD Jayawardene,JDP Oram,LPC Silva,BB McCullum,TM Dilshan,CD McMillan,RP Arnold,DL Vettori,WPUJC Vaas,JEC Franklin,SL Malinga,SE Bond,M Muralitharan,JS Patel,CRD Fernando,new zealand||sri lanka,semi_final
120.0,2580.0,2007-04-25,"beausejour stadium, gros islet",st lucia,australia,south africa,1.0,bat,0.0,AC Gilchrist,GC Smith,ML Hayden,AB de Villiers,RT Ponting,JH Kallis,MJ Clarke,HH Gibbs,A Symonds,AG Prince,MEK Hussey,MV Boucher,SR Watson,JM Kemp,GB Hogg,AJ Hall,NW Bracken,SM Pollock,SW Tait,A Nel,GD McGrath,CK Langeveldt,australia||south africa,semi_final
121.0,2581.0,2007-04-28,"kensington oval, bridgetown",barbados,australia,sri lanka,0.0,bat,0.0,AC Gilchrist,WU Tharanga,ML Hayden,ST Jayasuriya,RT Ponting,KC Sangakkara,A Symonds,DPMD Jayawardene,SR Watson,LPC Silva,MJ Clarke,TM Dilshan,MEK Hussey,RP Arnold,GB Hogg,WPUJC Vaas,NW Bracken,SL Malinga,SW Tait,CRD Fernando,GD McGrath,M Muralitharan,australia||sri lanka,final
122.0,3100.0,2011-02-19,shere bangla national stadium,mirpur,bangladesh,india,0.0,field,1.0,Tamim Iqbal,V Sehwag,Imrul Kayes,SR Tendulkar,Junaid Siddique,G Gambhir,Shakib Al Hasan,V Kohli,Mushfiqur Rahim,YK Pathan,Raqibul Hasan,Yuvraj Singh,Mahmudullah,MS Dhoni,Naeem Islam,Harbhajan Singh,Abdur Razzak,Z Khan,Shafiul Islam,S Sreesanth,Rubel Hossain,MM Patel,bangladesh||india,group
123.0,3101.0,2011-02-20,"ma chidambaram stadium, chepauk",chennai,kenya,new zealand,0.0,bat,1.0,AA Obanda,MJ Guptill,SR Waters,BB McCullum,CO Obuya,JD Ryder,SO Tikolo,LRPL Taylor,MA Ouma,JEC Franklin,RR Patel,SB Styris,JK Kamande,DL Vettori,TM Odoyo,NL McCullum,NN Odhiambo,JDP Oram,SO Ngoche,TG Southee,E Otieno,HK Bennett,kenya||new zealand,group
124.0,3102.0,2011-02-20,"mahinda rajapaksa international cricket stadium, sooriyawewa",hambantota,sri lanka,canada,0.0,bat,0.0,WU Tharanga,R Gunasekera,TM Dilshan,JM Davison,KC Sangakkara,ZE Surkari,DPMD Jayawardene,AS Hansra,NLTC Perera,A Bagai,AD Mathews,Rizwan Cheema,CK Kapugedera,TG Gordon,TT Samaraweera,Khurram Chohan,KMDN Kulasekara,HS Baidwan,M Muralitharan,WD Balaji Rao,BAW Mendis,H Osinde,canada||sri lanka,group
125.0,3103.0,2011-02-21,"sardar patel stadium, motera",ahmedabad,australia,zimbabwe,0.0,bat,0.0,SR Watson,BRM Taylor,BJ Haddin,CK Coventry,RT Ponting,T Taibu,MJ Clarke,CR Ervine,CL White,E Chigumbura,DJ Hussey,SC Williams,SPD Smith,RW Chakabva,MG Johnson,P Utseya,SW Tait,AG Cremer,JJ Krejza,RW Price,B Lee,CB Mpofu,australia||zimbabwe,group
126.0,3104.0,2011-02-22,"vidarbha cricket association stadium, jamtha",nagpur,england,netherlands,1.0,bat,0.0,AJ Strauss,AN Kervezee,KP Pietersen,W Barresi,IJL Trott,TLW Cooper,IR Bell,RN ten Doeschate,PD Collingwood,B Zuiderent,RS Bopara,TN de Grooth,MJ Prior,PW Borren,TT Bresnan,Mudassar Bukhari,SCJ Broad,PM Seelaar,GP Swann,BP Loots,JM Anderson,BA Westdijk,england||netherlands,group
127.0,3105.0,2011-02-23,"mahinda rajapaksa international cricket stadium, sooriyawewa",hambantota,kenya,pakistan,1.0,bat,1.0,MA Ouma,Mohammad Hafeez,SR Waters,Ahmed Shehzad,CO Obuya,Kamran Akmal,SO Tikolo,Younis Khan,T Mishra,Misbah-ul-Haq,RR Patel,Umar Akmal,JK Kamande,Shahid Afridi,TM Odoyo,Abdul Razzaq,NN Odhiambo,Abdur Rehman,SO Ngoche,Umar Gul,E Otieno,Shoaib Akhtar,kenya||pakistan,group
128.0,3106.0,2011-02-24,feroz shah kotla,delhi,south africa,west indies,0.0,field,0.0,HM Amla,CH Gayle,GC Smith,DS Smith,JH Kallis,DM Bravo,AB de Villiers,RR Sarwan,JP Duminy,S Chanderpaul,F du Plessis,DJ Bravo,J Botha,DC Thomas,RJ Peterson,KA Pollard,M Morkel,DJG Sammy,DW Steyn,SJ Benn,Imran Tahir,KAJ Roach,south africa||west indies,group
129.0,3107.0,2011-02-25,"vidarbha cricket association stadium, jamtha",nagpur,australia,new zealand,0.0,field,0.0,SR Watson,MJ Guptill,BJ Haddin,BB McCullum,RT Ponting,JD Ryder,MJ Clarke,LRPL Taylor,CL White,JEC Franklin,DJ Hussey,SB Styris,SPD Smith,JM How,MG Johnson,NL McCullum,JJ Krejza,DL Vettori,B Lee,TG Southee,SW Tait,HK Bennett,australia||new zealand,group
130.0,3108.0,2011-02-25,shere bangla national stadium,mirpur,bangladesh,ireland,0.0,bat,0.0,Tamim Iqbal,WTS Porterfield,Imrul Kayes,PR Stirling,Junaid Siddique,EC Joyce,Mushfiqur Rahim,NJ O'Brien,Shakib Al Hasan,AR White,Raqibul Hasan,KJ O'Brien,Mohammad Ashraful,AC Botha,Naeem Islam,JF Mooney,Shafiul Islam,DT Johnston,Abdur Razzak,GH Dockrell,Rubel Hossain,WB Rankin,bangladesh||ireland,group
131.0,3109.0,2011-02-26,r premadasa stadium,colombo,sri lanka,pakistan,1.0,bat,1.0,WU Tharanga,Ahmed Shehzad,TM Dilshan,Mohammad Hafeez,KC Sangakkara,Kamran Akmal,DPMD Jayawardene,Younis Khan,TT Samaraweera,Misbah-ul-Haq,LPC Silva,Umar Akmal,AD Mathews,Shahid Afridi,NLTC Perera,Abdul Razzaq,KMDN Kulasekara,Umar Gul,HMRKB Herath,Abdur Rehman,M Muralitharan,Shoaib Akhtar,pakistan||sri lanka,group
132.0,3112.0,2011-02-28,feroz shah kotla,delhi,netherlands,west indies,0.0,field,1.0,AN Kervezee,DS Smith,W Barresi,CH Gayle,TLW Cooper,DM Bravo,RN ten Doeschate,RR Sarwan,B Zuiderent,KA Pollard,TN de Grooth,DJG Sammy,PW Borren,S Chanderpaul,Mudassar Bukhari,DC Thomas,PM Seelaar,NO Miller,BP Loots,SJ Benn,BA Westdijk,KAJ Roach,netherlands||west indies,group
133.0,3111.0,2011-02-28,"vidarbha cricket association stadium, jamtha",nagpur,canada,zimbabwe,1.0,bat,1.0,JM Davison,BRM Taylor,NR Kumar,CK Coventry,R Gunasekera,T Taibu,A Bagai,CR Ervine,AS Hansra,E Chigumbura,Rizwan Cheema,SC Williams,ZE Surkari,GA Lamb,TG Gordon,P Utseya,Khurram Chohan,AG Cremer,HS Baidwan,RW Price,WD Balaji Rao,CB Mpofu,canada||zimbabwe,group
134.0,3113.0,2011-03-01,r premadasa stadium,colombo,sri lanka,kenya,1.0,bat,0.0,WU Tharanga,MA Ouma,TM Dilshan,SR Waters,KC Sangakkara,CO Obuya,DPMD Jayawardene,DO Obuya,TT Samaraweera,SO Tikolo,LPC Silva,T Mishra,AD Mathews,JK Kamande,KMDN Kulasekara,NN Odhiambo,M Muralitharan,PJ Ongondo,SL Malinga,SO Ngoche,BAW Mendis,E Otieno,kenya||sri lanka,group
135.0,3114.0,2011-03-02,m chinnaswamy stadium,bangalore,england,ireland,0.0,bat,1.0,AJ Strauss,WTS Porterfield,KP Pietersen,PR Stirling,IJL Trott,EC Joyce,IR Bell,NJ O'Brien,PD Collingwood,GC Wilson,MJ Prior,KJ O'Brien,TT Bresnan,AR Cusack,MH Yardy,JF Mooney,GP Swann,DT Johnston,SCJ Broad,GH Dockrell,JM Anderson,WB Rankin,england||ireland,group
136.0,3115.0,2011-03-03,"punjab cricket association stadium, mohali",chandigarh,netherlands,south africa,0.0,field,1.0,AN Kervezee,HM Amla,W Barresi,GC Smith,TLW Cooper,JH Kallis,B Zuiderent,AB de Villiers,RN ten Doeschate,F du Plessis,TN de Grooth,JP Duminy,PW Borren,MN van Wyk,Mudassar Bukhari,RJ Peterson,PM Seelaar,M Morkel,BP Loots,DW Steyn,BA Westdijk,Imran Tahir,netherlands||south africa,group
137.0,3116.0,2011-03-03,r premadasa stadium,colombo,canada,pakistan,1.0,bat,1.0,R Gunasekera,Mohammad Hafeez,NR Kumar,Ahmed Shehzad,ZE Surkari,Kamran Akmal,A Bagai,Younis Khan,AS Hansra,Misbah-ul-Haq,Rizwan Cheema,Umar Akmal,TG Gordon,Shahid Afridi,HS Baidwan,Abdul Razzaq,Khurram Chohan,Umar Gul,WD Balaji Rao,Wahab Riaz,H Osinde,Saeed Ajmal,canada||pakistan,group
138.0,3117.0,2011-03-04,"sardar patel stadium, motera",ahmedabad,new zealand,zimbabwe,1.0,bat,0.0,MJ Guptill,BRM Taylor,BB McCullum,CK Coventry,JD Ryder,T Taibu,LRPL Taylor,CR Ervine,JEC Franklin,E Chigumbura,SB Styris,RW Chakabva,NL McCullum,GA Lamb,DL Vettori,P Utseya,KD Mills,AG Cremer,TG Southee,RW Price,HK Bennett,T Panyangara,new zealand||zimbabwe,group
139.0,3118.0,2011-03-04,shere bangla national stadium,mirpur,bangladesh,west indies,0.0,bat,1.0,Tamim Iqbal,DS Smith,Imrul Kayes,CH Gayle,Junaid Siddique,DM Bravo,Mushfiqur Rahim,RR Sarwan,Shakib Al Hasan,S Chanderpaul,Raqibul Hasan,KA Pollard,Mohammad Ashraful,DC Thomas,Naeem Islam,DJG Sammy,Shafiul Islam,NO Miller,Abdur Razzak,SJ Benn,Rubel Hossain,KAJ Roach,bangladesh||west indies,group
140.0,3121.0,2011-03-06,m chinnaswamy stadium,bangalore,india,ireland,0.0,field,0.0,V Sehwag,WTS Porterfield,SR Tendulkar,PR Stirling,G Gambhir,EC Joyce,V Kohli,NJ O'Brien,Yuvraj Singh,AR White,MS Dhoni,KJ O'Brien,YK Pathan,AR Cusack,Harbhajan Singh,JF Mooney,PP Chawla,DT Johnston,Z Khan,GH Dockrell,MM Patel,WB Rankin,india||ireland,group
141.0,3120.0,2011-03-06,"ma chidambaram stadium, chepauk",chennai,england,south africa,0.0,bat,0.0,AJ Strauss,HM Amla,KP Pietersen,GC Smith,IJL Trott,JH Kallis,IR Bell,AB de Villiers,RS Bopara,F du Plessis,MJ Prior,JP Duminy,MH Yardy,MN van Wyk,TT Bresnan,RJ Peterson,GP Swann,DW Steyn,SCJ Broad,M Morkel,JM Anderson,Imran Tahir,england||south africa,group
142.0,3122.0,2011-03-07,feroz shah kotla,delhi,canada,kenya,1.0,bat,0.0,R Gunasekera,MA Ouma,Rizwan Cheema,SR Waters,ZE Surkari,CO Obuya,A Bagai,DO Obuya,AS Hansra,SO Tikolo,TG Gordon,T Mishra,JM Davison,JK Kamande,HS Baidwan,TM Odoyo,PA Desai,NN Odhiambo,H Osinde,E Otieno,WD Balaji Rao,JO Ngoche,canada||kenya,group
143.0,3124.0,2011-03-09,feroz shah kotla,delhi,india,netherlands,1.0,bat,0.0,V Sehwag,ES Szwarczynski,SR Tendulkar,W Barresi,YK Pathan,TLW Cooper,G Gambhir,RN ten Doeschate,V Kohli,AN Kervezee,Yuvraj Singh,B Zuiderent,MS Dhoni,TN de Grooth,Harbhajan Singh,PW Borren,PP Chawla,BP Kruger,Z Khan,Mudassar Bukhari,A Nehra,PM Seelaar,india||netherlands,group
144.0,3126.0,2011-03-11,"punjab cricket association stadium, mohali",chandigarh,ireland,west indies,0.0,field,1.0,WTS Porterfield,DS Smith,PR Stirling,S Chanderpaul,EC Joyce,DM Bravo,NJ O'Brien,RR Sarwan,GC Wilson,KA Pollard,KJ O'Brien,DJG Sammy,AR Cusack,DC Thomas,JF Mooney,AD Russell,AC Botha,NO Miller,GH Dockrell,SJ Benn,WB Rankin,KAJ Roach,ireland||west indies,group
145.0,3127.0,2011-03-11,zahur ahmed chowdhury stadium,chittagong,bangladesh,england,0.0,field,0.0,Tamim Iqbal,AJ Strauss,Imrul Kayes,MJ Prior,Junaid Siddique,IJL Trott,Raqibul Hasan,IR Bell,Shakib Al Hasan,EJG Morgan,Mushfiqur Rahim,RS Bopara,Mahmudullah,GP Swann,Naeem Islam,PD Collingwood,Abdur Razzak,TT Bresnan,Shafiul Islam,A Shahzad,Rubel Hossain,JM Anderson,bangladesh||england,group
146.0,3128.0,2011-03-12,"vidarbha cricket association stadium, jamtha",nagpur,india,south africa,0.0,bat,1.0,V Sehwag,HM Amla,SR Tendulkar,GC Smith,G Gambhir,JH Kallis,YK Pathan,AB de Villiers,Yuvraj Singh,JP Duminy,MS Dhoni,F du Plessis,V Kohli,MN van Wyk,Harbhajan Singh,J Botha,Z Khan,RJ Peterson,A Nehra,M Morkel,MM Patel,DW Steyn,india||south africa,group
147.0,3129.0,2011-03-13,wankhede stadium,mumbai,canada,new zealand,0.0,field,1.0,R Gunasekera,MJ Guptill,H Patel,BB McCullum,ZE Surkari,JD Ryder,A Bagai,LRPL Taylor,AS Hansra,NL McCullum,Rizwan Cheema,KS Williamson,JM Davison,SB Styris,WD Balaji Rao,JEC Franklin,HS Baidwan,JDP Oram,Khurram Chohan,KD Mills,H Osinde,TG Southee,canada||new zealand,group
148.0,3130.0,2011-03-13,m chinnaswamy stadium,bangalore,australia,kenya,0.0,bat,0.0,SR Watson,MA Ouma,BJ Haddin,AA Obanda,RT Ponting,CO Obuya,MJ Clarke,DO Obuya,CL White,T Mishra,MEK Hussey,TM Odoyo,SPD Smith,RR Patel,MG Johnson,JK Kamande,B Lee,NN Odhiambo,JJ Krejza,E Otieno,SW Tait,JO Ngoche,australia||kenya,group
149.0,3131.0,2011-03-14,zahur ahmed chowdhury stadium,chittagong,bangladesh,netherlands,1.0,bat,0.0,Tamim Iqbal,ES Szwarczynski,Imrul Kayes,W Barresi,Junaid Siddique,Mudassar Bukhari,Shahriar Nafees,TLW Cooper,Shakib Al Hasan,RN ten Doeschate,Mushfiqur Rahim,AN Kervezee,Mahmudullah,TN de Grooth,Suhrawadi Shuvo,AF Buurman,Abdur Razzak,PW Borren,Shafiul Islam,PM Seelaar,Rubel Hossain,Adeel Raja,bangladesh||netherlands,group
150.0,3133.0,2011-03-15,eden gardens,kolkata,ireland,south africa,0.0,field,1.0,WTS Porterfield,HM Amla,PR Stirling,GC Smith,EC Joyce,MN van Wyk,NJ O'Brien,JH Kallis,GC Wilson,JP Duminy,KJ O'Brien,F du Plessis,AR Cusack,CA Ingram,JF Mooney,J Botha,DT Johnston,RJ Peterson,GH Dockrell,M Morkel,WB Rankin,DW Steyn,ireland||south africa,group
151.0,3134.0,2011-03-16,m chinnaswamy stadium,bangalore,australia,canada,1.0,bat,0.0,SR Watson,H Patel,BJ Haddin,JM Davison,RT Ponting,ZE Surkari,MJ Clarke,A Bagai,CL White,AS Hansra,MEK Hussey,Rizwan Cheema,SPD Smith,NR Kumar,MG Johnson,K Whatham,B Lee,HS Baidwan,JJ Krejza,WD Balaji Rao,SW Tait,H Osinde,australia||canada,group
152.0,3135.0,2011-03-17,"ma chidambaram stadium, chepauk",chennai,england,west indies,0.0,bat,0.0,AJ Strauss,DS Smith,MJ Prior,CH Gayle,IJL Trott,DJG Sammy,IR Bell,DM Bravo,EJG Morgan,DC Thomas,RS Bopara,RR Sarwan,LJ Wright,KA Pollard,JC Tredwell,AD Russell,TT Bresnan,SJ Benn,GP Swann,KAJ Roach,CT Tremlett,D Bishoo,england||west indies,group
153.0,3137.0,2011-03-18,wankhede stadium,mumbai,new zealand,sri lanka,1.0,bat,1.0,MJ Guptill,WU Tharanga,BB McCullum,TM Dilshan,JD Ryder,KC Sangakkara,LRPL Taylor,DPMD Jayawardene,KS Williamson,AD Mathews,SB Styris,TT Samaraweera,JEC Franklin,LPC Silva,NL McCullum,KMDN Kulasekara,JDP Oram,SL Malinga,TG Southee,M Muralitharan,HK Bennett,BAW Mendis,new zealand||sri lanka,group
154.0,3136.0,2011-03-18,eden gardens,kolkata,ireland,netherlands,0.0,field,0.0,WTS Porterfield,ES Szwarczynski,PR Stirling,W Barresi,EC Joyce,TLW Cooper,NJ O'Brien,RN ten Doeschate,GC Wilson,AN Kervezee,KJ O'Brien,PW Borren,AR Cusack,AF Buurman,DT Johnston,Mudassar Bukhari,JF Mooney,PM Seelaar,GH Dockrell,Adeel Raja,WB Rankin,BP Loots,ireland||netherlands,group
155.0,3139.0,2011-03-19,r premadasa stadium,colombo,australia,pakistan,0.0,bat,1.0,SR Watson,Kamran Akmal,BJ Haddin,Mohammad Hafeez,RT Ponting,Asad Shafiq,MJ Clarke,Younis Khan,CL White,Misbah-ul-Haq,MEK Hussey,Umar Akmal,SPD Smith,Shahid Afridi,MG Johnson,Abdul Razzaq,JJ Krejza,Abdur Rehman,B Lee,Umar Gul,SW Tait,Wahab Riaz,australia||pakistan,group
156.0,3138.0,2011-03-19,shere bangla national stadium,mirpur,bangladesh,south africa,1.0,bat,1.0,Tamim Iqbal,HM Amla,Imrul Kayes,GC Smith,Junaid Siddique,JH Kallis,Shahriar Nafees,JP Duminy,Mushfiqur Rahim,F du Plessis,Shakib Al Hasan,MN van Wyk,Mahmudullah,J Botha,Naeem Islam,RJ Peterson,Shafiul Islam,WD Parnell,Abdur Razzak,LL Tsotsobe,Rubel Hossain,Imran Tahir,bangladesh||south africa,group
157.0,3140.0,2011-03-20,eden gardens,kolkata,kenya,zimbabwe,1.0,bat,1.0,AA Obanda,BRM Taylor,DO Obuya,RW Chakabva,CO Obuya,T Taibu,SO Tikolo,V Sibanda,T Mishra,CR Ervine,TM Odoyo,E Chigumbura,RR Patel,GA Lamb,NN Odhiambo,P Utseya,PJ Ongondo,AG Cremer,E Otieno,RW Price,JO Ngoche,CB Mpofu,kenya||zimbabwe,group
158.0,3141.0,2011-03-20,"ma chidambaram stadium, chepauk",chennai,india,west indies,0.0,bat,0.0,G Gambhir,DS Smith,SR Tendulkar,KA Edwards,V Kohli,DM Bravo,Yuvraj Singh,RR Sarwan,MS Dhoni,KA Pollard,SK Raina,DC Thomas,YK Pathan,DJG Sammy,Harbhajan Singh,AD Russell,R Ashwin,SJ Benn,Z Khan,D Bishoo,MM Patel,R Rampaul,india||west indies,group
159.0,3142.0,2011-03-23,shere bangla national stadium,mirpur,pakistan,west indies,1.0,bat,0.0,Kamran Akmal,DS Smith,Mohammad Hafeez,CH Gayle,Asad Shafiq,RR Sarwan,Younis Khan,DM Bravo,Misbah-ul-Haq,S Chanderpaul,Umar Akmal,KA Pollard,Abdul Razzaq,DC Thomas,Shahid Afridi,DJG Sammy,Umar Gul,D Bishoo,Wahab Riaz,KAJ Roach,Saeed Ajmal,R Rampaul,pakistan||west indies,quarter_final
160.0,3143.0,2011-03-24,"sardar patel stadium, motera",ahmedabad,india,australia,1.0,bat,0.0,V Sehwag,SR Watson,SR Tendulkar,BJ Haddin,G Gambhir,RT Ponting,V Kohli,MJ Clarke,Yuvraj Singh,MEK Hussey,MS Dhoni,CL White,SK Raina,DJ Hussey,R Ashwin,MG Johnson,Harbhajan Singh,B Lee,Z Khan,JJ Krejza,MM Patel,SW Tait,australia||india,quarter_final
161.0,3144.0,2011-03-25,shere bangla national stadium,mirpur,new zealand,south africa,0.0,bat,0.0,MJ Guptill,HM Amla,BB McCullum,GC Smith,JD Ryder,JH Kallis,LRPL Taylor,AB de Villiers,SB Styris,JP Duminy,KS Williamson,F du Plessis,NL McCullum,J Botha,JDP Oram,RJ Peterson,DL Vettori,DW Steyn,LJ Woodcock,M Morkel,TG Southee,Imran Tahir,new zealand||south africa,quarter_final
162.0,3145.0,2011-03-26,r premadasa stadium,colombo,sri lanka,england,1.0,bat,0.0,WU Tharanga,AJ Strauss,TM Dilshan,IR Bell,KC Sangakkara,IJL Trott,DPMD Jayawardene,RS Bopara,TT Samaraweera,EJG Morgan,LPC Silva,GP Swann,AD Mathews,MJ Prior,SL Malinga,LJ Wright,HMRKB Herath,TT Bresnan,BAW Mendis,JC Tredwell,M Muralitharan,CT Tremlett,england||sri lanka,quarter_final
163.0,3146.0,2011-03-29,r premadasa stadium,colombo,sri lanka,new zealand,1.0,bat,0.0,WU Tharanga,MJ Guptill,TM Dilshan,BB McCullum,KC Sangakkara,JD Ryder,DPMD Jayawardene,LRPL Taylor,TT Samaraweera,SB Styris,LPC Silva,KS Williamson,AD Mathews,NL McCullum,SL Malinga,JDP Oram,HMRKB Herath,DL Vettori,BAW Mendis,TG Southee,M Muralitharan,AJ McKay,new zealand||sri lanka,semi_final
164.0,3147.0,2011-03-30,"punjab cricket association stadium, mohali",chandigarh,india,pakistan,0.0,bat,0.0,V Sehwag,Kamran Akmal,SR Tendulkar,Mohammad Hafeez,G Gambhir,Asad Shafiq,V Kohli,Younis Khan,Yuvraj Singh,Misbah-ul-Haq,MS Dhoni,Umar Akmal,SK Raina,Abdul Razzaq,Harbhajan Singh,Shahid Afridi,Z Khan,Wahab Riaz,A Nehra,Umar Gul,MM Patel,Saeed Ajmal,india||pakistan,semi_final
165.0,3148.0,2011-04-02,wankhede stadium,mumbai,india,sri lanka,1.0,bat,0.0,V Sehwag,WU Tharanga,SR Tendulkar,TM Dilshan,G Gambhir,KC Sangakkara,V Kohli,DPMD Jayawardene,MS Dhoni,TT Samaraweera,Yuvraj Singh,CK Kapugedera,SK Raina,KMDN Kulasekara,Harbhajan Singh,NLTC Perera,Z Khan,SL Malinga,MM Patel,S Randiv,S Sreesanth,M Muralitharan,india||sri lanka,final
166.0,1942.0,2003-02-09,"newlands, cape town",cape town,west indies,south africa,0.0,bat,0.0,CH Gayle,HH Gibbs,WW Hinds,G Kirsten,BC Lara,HH Dippenaar,S Chanderpaul,JH Kallis,CL Hooper,JN Rhodes,RL Powell,MV Boucher,RR Sarwan,SM Pollock,RD Jacobs,L Klusener,VC Drakes,N Boje,M Dillon,M Ntini,PT Collins,AA Donald,south africa||west indies,group
167.0,1943.0,2003-02-10,harare sports club,harare,zimbabwe,namibia,1.0,field,0.0,CB Wishart,R Walters,MA Vermeulen,SJ Swanepoel,A Flower,AJ Burger,GW Flower,D Keulder,DD Ebrahim,GB Murgatroyd,GJ Whittall,LJ Burger,T Taibu,DB Kotze,HH Streak,M Karg,BA Murphy,G Snyman,DT Hondo,JL Louw,HK Olonga,BL Kotze,namibia||zimbabwe,group
168.0,1944.0,2003-02-10,"goodyear park, bloemfontein",bloemfontein,sri lanka,new zealand,1.0,field,0.0,MS Atapattu,SP Fleming,ST Jayasuriya,NJ Astle,HP Tillakaratne,CD McMillan,DPMD Jayawardene,SB Styris,PA de Silva,CL Cairns,KC Sangakkara,L Vincent,RP Arnold,CZ Harris,WPUJC Vaas,JDP Oram,M Muralitharan,AR Adams,CRD Fernando,DR Tuffey,PW Gunaratne,SE Bond,new zealand||sri lanka,group
169.0,1945.0,2003-02-11,"new wanderers stadium, johannesburg",johannesburg,australia,pakistan,1.0,field,0.0,AC Gilchrist,Taufeeq Umar,ML Hayden,Shahid Afridi,RT Ponting,Saleem Elahi,DR Martyn,Inzamam-ul-Haq,JP Maher,Yousuf Youhana,A Symonds,Younis Khan,GB Hogg,Abdul Razzaq,IJ Harvey,Rashid Latif,B Lee,Wasim Akram,JN Gillespie,Waqar Younis,GD McGrath,Shoaib Akhtar,australia||pakistan,group
170.0,1946.0,2003-02-11,"kingsmead, durban",durban,canada,bangladesh,0.0,bat,0.0,I Maraj,Hannan Sarkar,JM Davison,Al Sahariar,DR Chumney,Habibul Bashar,IS Billcliff,Ehsanul Haque,JV Harris,Sanwar Hossain,NA de Groot,Alok Kapali,AF Sattaur,Khaled Mashud,A Bagai,Mohammad Rafique,S Thuraisingam,Tapash Baisya,A Codrington,Mashrafe Mortaza,D Joseph,Manjural Islam,bangladesh||canada,group
171.0,1947.0,2003-02-12,"north west cricket stadium, potchefstroom",potchefstroom,kenya,south africa,0.0,bat,1.0,KO Otieno,HH Gibbs,RD Shah,G Kirsten,BJ Patel,N Boje,SO Tikolo,HH Dippenaar,HS Modi,MV Boucher,MO Odumbe,JH Kallis,TM Odoyo,SM Pollock,CO Obuya,L Klusener,MA Suji,CK Langeveldt,PJ Ongondo,M Ntini,AY Karim,JN Rhodes,kenya||south africa,group
172.0,1948.0,2003-02-12,"boland bank park, paarl",paarl,india,netherlands,0.0,bat,0.0,SC Ganguly,JF Kloppenburg,SR Tendulkar,DLS van Bunge,V Sehwag,HJC Mol,R Dravid,B Zuiderent,Yuvraj Singh,TBM de Leede,M Kaif,LP van Troost,D Mongia,RH Scholte,Harbhajan Singh,RP Lefebvre,A Kumble,E Schiferli,Z Khan,J Smits,J Srinath,Adeel Raja,india||netherlands,group
173.0,1949.0,2003-02-13,"st george's park, port elizabeth",gqeberha,new zealand,west indies,1.0,field,0.0,SP Fleming,CH Gayle,DL Vettori,WW Hinds,NJ Astle,BC Lara,SB Styris,S Chanderpaul,CL Cairns,CL Hooper,L Vincent,RR Sarwan,CZ Harris,RL Powell,BB McCullum,RD Jacobs,AR Adams,VC Drakes,JDP Oram,NAM McLean,SE Bond,M Dillon,new zealand||west indies,group
174.0,1951.0,2003-02-15,"supersport park, centurion",centurion,india,australia,0.0,bat,1.0,SC Ganguly,AC Gilchrist,SR Tendulkar,ML Hayden,V Sehwag,RT Ponting,R Dravid,DR Martyn,Yuvraj Singh,DS Lehmann,M Kaif,MG Bevan,D Mongia,A Symonds,A Kumble,GB Hogg,Harbhajan Singh,B Lee,Z Khan,GD McGrath,J Srinath,JN Gillespie,australia||india,group
175.0,1952.0,2003-02-15,"newlands, cape town",cape town,canada,kenya,0.0,bat,1.0,I Maraj,KO Otieno,JM Davison,RD Shah,DR Chumney,SO Tikolo,IS Billcliff,HS Modi,JV Harris,MO Odumbe,AF Sattaur,TM Odoyo,NA de Groot,PJ Ongondo,A Bagai,DO Obuya,S Thuraisingam,CO Obuya,A Codrington,MA Suji,D Joseph,AO Suji,canada||kenya,group
176.0,1953.0,2003-02-16,"buffalo park, east london",east london,netherlands,england,1.0,field,1.0,LP van Troost,ME Trescothick,DLS van Bunge,NV Knight,NA Statham,MP Vaughan,B Zuiderent,A Flintoff,KJJ van Noortwijk,ID Blackwell,TBM de Leede,PD Collingwood,JF Kloppenburg,N Hussain,E Schiferli,C White,RP Lefebvre,AJ Stewart,Adeel Raja,AR Caddick,J Smits,JM Anderson,england||netherlands,group
177.0,1954.0,2003-02-16,"de beers diamond oval, kimberley",kimberley,pakistan,namibia,0.0,bat,0.0,Saeed Anwar,R Walters,Saleem Elahi,SJ Swanepoel,Younis Khan,AJ Burger,Inzamam-ul-Haq,D Keulder,Yousuf Youhana,GB Murgatroyd,Rashid Latif,LJ Burger,Wasim Akram,DB Kotze,Abdul Razzaq,G Snyman,Waqar Younis,M van Schoor,Saqlain Mushtaq,BL Kotze,Shoaib Akhtar,RJ van Vuuren,namibia||pakistan,group
178.0,1955.0,2003-02-16,"new wanderers stadium, johannesburg",johannesburg,south africa,new zealand,0.0,bat,1.0,GC Smith,CD McMillan,HH Gibbs,SP Fleming,N Boje,NJ Astle,JH Kallis,SB Styris,MV Boucher,CL Cairns,L Klusener,L Vincent,SM Pollock,BB McCullum,G Kirsten,JDP Oram,HH Dippenaar,AR Adams,M Ntini,DL Vettori,AA Donald,SE Bond,new zealand||south africa,group
179.0,1957.0,2003-02-19,harare sports club,harare,india,zimbabwe,1.0,field,0.0,V Sehwag,CB Wishart,SR Tendulkar,MA Vermeulen,D Mongia,A Flower,SC Ganguly,GW Flower,R Dravid,DD Ebrahim,Yuvraj Singh,AM Blignaut,M Kaif,T Taibu,Harbhajan Singh,GJ Whittall,Z Khan,HH Streak,A Nehra,BA Murphy,J Srinath,DT Hondo,india||zimbabwe,group
180.0,1958.0,2003-02-19,"boland bank park, paarl",paarl,canada,sri lanka,1.0,field,1.0,DR Chumney,MS Atapattu,JM Davison,ST Jayasuriya,AF Sattaur,KC Sangakkara,IS Billcliff,PA de Silva,NA de Groot,DPMD Jayawardene,JV Harris,HP Tillakaratne,I Maraj,RP Arnold,A Bagai,WPUJC Vaas,S Thuraisingam,M Muralitharan,A Codrington,CRD Fernando,BB Seebaran,RAP Nissanka,canada||sri lanka,group
181.0,1959.0,2003-02-19,"st george's park, port elizabeth",gqeberha,england,namibia,1.0,field,0.0,ME Trescothick,SJ Swanepoel,NV Knight,AJ Burger,MP Vaughan,LJ Burger,AJ Stewart,D Keulder,PD Collingwood,GB Murgatroyd,A Flintoff,G Snyman,ID Blackwell,DB Kotze,C White,SF Burger,RC Irani,M van Schoor,AR Caddick,BL Kotze,JM Anderson,RJ van Vuuren,england||namibia,group
182.0,1961.0,2003-02-22,"goodyear park, bloemfontein",bloemfontein,bangladesh,south africa,1.0,field,1.0,Al Sahariar,HH Gibbs,Ehsanul Haque,G Kirsten,Mohammad Ashraful,JH Kallis,Sanwar Hossain,HH Dippenaar,Alok Kapali,AJ Hall,Tushar Imran,L Klusener,Khaled Mashud,MV Boucher,Khaled Mahmud,SM Pollock,Mohammad Rafique,RJ Peterson,Manjural Islam,M Ntini,Talha Jubair,M Zondeki,bangladesh||south africa,group
183.0,1962.0,2003-02-22,"newlands, cape town",cape town,england,pakistan,0.0,bat,0.0,ME Trescothick,Saeed Anwar,NV Knight,Shahid Afridi,MP Vaughan,Inzamam-ul-Haq,N Hussain,Yousuf Youhana,AJ Stewart,Younis Khan,PD Collingwood,Abdul Razzaq,A Flintoff,Rashid Latif,C White,Wasim Akram,AF Giles,Saqlain Mushtaq,AR Caddick,Waqar Younis,JM Anderson,Shoaib Akhtar,england||pakistan,group
184.0,1963.0,2003-02-23,"supersport park, centurion",centurion,canada,west indies,1.0,field,1.0,I Maraj,CH Gayle,JM Davison,WW Hinds,DR Chumney,BC Lara,IS Billcliff,RR Sarwan,N Ifill,CL Hooper,JV Harris,S Chanderpaul,NA de Groot,RL Powell,A Bagai,RD Jacobs,A Codrington,VC Drakes,BB Seebaran,M Dillon,D Joseph,PT Collins,canada||west indies,group
185.0,1964.0,2003-02-23,"city oval, pietermaritzburg",pietermaritzburg,india,namibia,1.0,field,0.0,V Sehwag,SJ Swanepoel,SR Tendulkar,AJ Burger,SC Ganguly,LJ Burger,Yuvraj Singh,D Keulder,R Dravid,GB Murgatroyd,D Mongia,DB Kotze,M Kaif,M van Schoor,Harbhajan Singh,BO van Rooi,Z Khan,BL Kotze,A Nehra,G Snyman,J Srinath,RJ van Vuuren,india||namibia,group
186.0,1965.0,2003-02-24,"gymkhana club ground, nairobi",nairobi,kenya,sri lanka,1.0,field,0.0,KO Otieno,MS Atapattu,RD Shah,ST Jayasuriya,BJ Patel,HP Tillakaratne,SO Tikolo,PA de Silva,HS Modi,DPMD Jayawardene,MO Odumbe,KC Sangakkara,TM Odoyo,RP Arnold,CO Obuya,WPUJC Vaas,AO Suji,RAP Nissanka,PJ Ongondo,M Muralitharan,MA Suji,CRD Fernando,kenya||sri lanka,group
187.0,1966.0,2003-02-24,"queens sports club, bulawayo",bulawayo,zimbabwe,australia,0.0,bat,1.0,CB Wishart,AC Gilchrist,GJ Whittall,ML Hayden,A Flower,RT Ponting,GW Flower,DR Martyn,DD Ebrahim,DS Lehmann,T Taibu,A Symonds,DA Marillier,MG Bevan,AM Blignaut,GB Hogg,HH Streak,B Lee,BA Murphy,JN Gillespie,DT Hondo,GD McGrath,australia||zimbabwe,group
188.0,1967.0,2003-02-25,"boland bank park, paarl",paarl,pakistan,netherlands,1.0,field,0.0,Taufeeq Umar,NA Statham,Saeed Anwar,E Schiferli,Abdul Razzaq,B Zuiderent,Inzamam-ul-Haq,KJJ van Noortwijk,Yousuf Youhana,TBM de Leede,Saleem Elahi,DLS van Bunge,Rashid Latif,LP van Troost,Wasim Akram,HJC Mol,Shoaib Akhtar,JJ Esmeijer,Waqar Younis,RP Lefebvre,Saqlain Mushtaq,J Smits,netherlands||pakistan,group
189.0,1968.0,2003-02-26,"de beers diamond oval, kimberley",kimberley,bangladesh,new zealand,0.0,bat,1.0,Hannan Sarkar,CD McMillan,Mohammad Ashraful,SP Fleming,Sanwar Hossain,AR Adams,Habibul Bashar,SB Styris,Alok Kapali,CL Cairns,Akram Khan,MS Sinclair,Khaled Mashud,BB McCullum,Khaled Mahmud,JDP Oram,Mohammad Rafique,KD Mills,Manjural Islam,DL Vettori,Tapash Baisya,SE Bond,bangladesh||new zealand,group
190.0,1969.0,2003-02-26,"kingsmead, durban",durban,india,england,0.0,bat,0.0,V Sehwag,ME Trescothick,SR Tendulkar,NV Knight,SC Ganguly,MP Vaughan,D Mongia,N Hussain,R Dravid,AJ Stewart,Yuvraj Singh,PD Collingwood,M Kaif,A Flintoff,Harbhajan Singh,C White,Z Khan,RC Irani,J Srinath,AR Caddick,A Nehra,JM Anderson,england||india,group
191.0,1970.0,2003-02-27,"north west cricket stadium, potchefstroom",potchefstroom,australia,namibia,0.0,bat,0.0,AC Gilchrist,AJ Burger,ML Hayden,SJ Swanepoel,MG Bevan,M Karg,A Symonds,D Keulder,RT Ponting,GB Murgatroyd,DR Martyn,DB Kotze,DS Lehmann,LJ Burger,GB Hogg,M van Schoor,B Lee,BL Kotze,AJ Bichel,BO van Rooi,GD McGrath,RJ van Vuuren,australia||namibia,group
192.0,1971.0,2003-02-27,"buffalo park, east london",east london,south africa,canada,1.0,field,0.0,GC Smith,I Maraj,HH Gibbs,JM Davison,G Kirsten,DR Chumney,JH Kallis,IS Billcliff,HH Dippenaar,NA de Groot,MV Boucher,JV Harris,SM Pollock,A Bagai,AJ Hall,N Ifill,M Ntini,D Joseph,M Zondeki,BB Seebaran,AA Donald,A Patel,canada||south africa,group
193.0,1972.0,2003-02-28,"queens sports club, bulawayo",bulawayo,zimbabwe,netherlands,1.0,field,0.0,CB Wishart,JF Kloppenburg,MA Vermeulen,E Schiferli,A Flower,B Zuiderent,GJ Whittall,DLS van Bunge,DD Ebrahim,TBM de Leede,AM Blignaut,LP van Troost,HH Streak,RH Scholte,DA Marillier,HJC Mol,T Taibu,RP Lefebvre,BA Murphy,J Smits,DT Hondo,JJ Esmeijer,netherlands||zimbabwe,group
194.0,1973.0,2003-02-28,"newlands, cape town",cape town,sri lanka,west indies,0.0,bat,0.0,MS Atapattu,CH Gayle,ST Jayasuriya,WW Hinds,HP Tillakaratne,BC Lara,PA de Silva,RR Sarwan,DPMD Jayawardene,CL Hooper,RP Arnold,S Chanderpaul,KC Sangakkara,RD Jacobs,WPUJC Vaas,RL Powell,M Muralitharan,VC Drakes,CRD Fernando,M Dillon,PW Gunaratne,PT Collins,sri lanka||west indies,group
195.0,1974.0,2003-03-01,"new wanderers stadium, johannesburg",johannesburg,kenya,bangladesh,0.0,bat,0.0,KO Otieno,Al Sahariar,RD Shah,Mohammad Ashraful,BJ Patel,Tushar Imran,SO Tikolo,Khaled Mashud,HS Modi,Alok Kapali,MO Odumbe,Akram Khan,TM Odoyo,Sanwar Hossain,CO Obuya,Khaled Mahmud,PJ Ongondo,Mohammad Rafique,MA Suji,Tapash Baisya,AO Suji,Manjural Islam,bangladesh||kenya,group
196.0,1975.0,2003-03-01,"supersport park, centurion",centurion,pakistan,india,0.0,bat,1.0,Saeed Anwar,SR Tendulkar,Taufeeq Umar,V Sehwag,Abdul Razzaq,SC Ganguly,Inzamam-ul-Haq,M Kaif,Yousuf Youhana,R Dravid,Younis Khan,Yuvraj Singh,Shahid Afridi,D Mongia,Rashid Latif,A Kumble,Wasim Akram,Z Khan,Waqar Younis,J Srinath,Shoaib Akhtar,A Nehra,india||pakistan,group
197.0,1976.0,2003-03-02,"st george's park, port elizabeth",gqeberha,england,australia,0.0,bat,1.0,ME Trescothick,AC Gilchrist,NV Knight,ML Hayden,MP Vaughan,RT Ponting,N Hussain,DR Martyn,AJ Stewart,DS Lehmann,PD Collingwood,MG Bevan,A Flintoff,A Symonds,C White,GB Hogg,AF Giles,B Lee,AR Caddick,AJ Bichel,JM Anderson,GD McGrath,australia||england,group
198.0,1977.0,2003-03-03,"willowmoore park, benoni",benoni,canada,new zealand,1.0,field,1.0,I Maraj,CD McMillan,JM Davison,SP Fleming,N Ifill,NJ Astle,IS Billcliff,CL Cairns,NA de Groot,AR Adams,JV Harris,SB Styris,A Bagai,CZ Harris,AM Samad,JDP Oram,A Codrington,DL Vettori,A Patel,BB McCullum,BB Seebaran,SE Bond,canada||new zealand,group
199.0,1978.0,2003-03-03,"goodyear park, bloemfontein",bloemfontein,netherlands,namibia,0.0,bat,0.0,JF Kloppenburg,AJ Burger,E Schiferli,M Karg,KJJ van Noortwijk,D Keulder,B Zuiderent,GB Murgatroyd,TBM de Leede,DB Kotze,LP van Troost,LJ Burger,DLS van Bunge,G Snyman,HJC Mol,SF Burger,JJ Esmeijer,M van Schoor,J Smits,BO van Rooi,Adeel Raja,RJ van Vuuren,namibia||netherlands,group
200.0,1982.0,2003-03-07,"supersport park, centurion",centurion,australia,sri lanka,0.0,bat,0.0,AC Gilchrist,MS Atapattu,ML Hayden,ST Jayasuriya,RT Ponting,HP Tillakaratne,DR Martyn,DPMD Jayawardene,DS Lehmann,PA de Silva,IJ Harvey,RP Arnold,MG Bevan,KC Sangakkara,GB Hogg,WPUJC Vaas,B Lee,M Muralitharan,AJ Bichel,CRD Fernando,GD McGrath,PW Gunaratne,australia||sri lanka,super_six
201.0,1983.0,2003-03-07,"newlands, cape town",cape town,kenya,india,0.0,bat,1.0,KO Otieno,V Sehwag,RD Shah,SR Tendulkar,SO Tikolo,SC Ganguly,TM Odoyo,M Kaif,MO Odumbe,R Dravid,CO Obuya,Yuvraj Singh,PJ Ongondo,D Mongia,MA Suji,Harbhajan Singh,AO Suji,Z Khan,BJ Patel,A Nehra,HS Modi,J Srinath,india||kenya,super_six
202.0,1984.0,2003-03-08,"goodyear park, bloemfontein",bloemfontein,zimbabwe,new zealand,0.0,bat,1.0,CB Wishart,CD McMillan,DD Ebrahim,SP Fleming,A Flower,NJ Astle,GW Flower,SB Styris,GJ Whittall,CL Cairns,T Taibu,CZ Harris,AM Blignaut,BB McCullum,HH Streak,JDP Oram,SM Ervine,AR Adams,BA Murphy,DL Vettori,DT Hondo,SE Bond,new zealand||zimbabwe,super_six
203.0,1985.0,2003-03-10,"new wanderers stadium, johannesburg",johannesburg,india,sri lanka,1.0,field,0.0,SR Tendulkar,MS Atapattu,V Sehwag,ST Jayasuriya,SC Ganguly,J Mubarak,M Kaif,DPMD Jayawardene,Yuvraj Singh,PA de Silva,R Dravid,KC Sangakkara,D Mongia,RP Arnold,Harbhajan Singh,WPUJC Vaas,Z Khan,RAP Nissanka,A Nehra,CRD Fernando,J Srinath,M Muralitharan,india||sri lanka,super_six
204.0,1986.0,2003-03-11,"st george's park, port elizabeth",gqeberha,australia,new zealand,1.0,field,0.0,AC Gilchrist,DL Vettori,ML Hayden,SP Fleming,RT Ponting,NJ Astle,DR Martyn,SB Styris,DS Lehmann,CL Cairns,MG Bevan,L Vincent,GB Hogg,CZ Harris,IJ Harvey,BB McCullum,AJ Bichel,JDP Oram,B Lee,AR Adams,GD McGrath,SE Bond,australia||new zealand,super_six
205.0,1987.0,2003-03-12,"goodyear park, bloemfontein",bloemfontein,zimbabwe,kenya,0.0,bat,1.0,CB Wishart,KO Otieno,ADR Campbell,RD Shah,A Flower,SO Tikolo,GW Flower,TM Odoyo,T Taibu,MO Odumbe,DD Ebrahim,HS Modi,AM Blignaut,CO Obuya,HH Streak,AO Suji,DA Marillier,MA Suji,HK Olonga,PJ Ongondo,DT Hondo,AY Karim,kenya||zimbabwe,super_six
206.0,1988.0,2003-03-14,"supersport park, centurion",centurion,new zealand,india,1.0,field,1.0,CD McMillan,V Sehwag,SP Fleming,SR Tendulkar,NJ Astle,SC Ganguly,SB Styris,M Kaif,BB McCullum,R Dravid,CL Cairns,Yuvraj Singh,CZ Harris,D Mongia,JDP Oram,J Srinath,DL Vettori,A Nehra,DR Tuffey,Z Khan,SE Bond,Harbhajan Singh,india||new zealand,super_six
207.0,1989.0,2003-03-15,"buffalo park, east london",east london,sri lanka,zimbabwe,0.0,bat,0.0,MS Atapattu,CB Wishart,ST Jayasuriya,DA Marillier,DA Gunawardene,TJ Friend,PA de Silva,A Flower,KC Sangakkara,GW Flower,RP Arnold,T Taibu,WPUJC Vaas,AM Blignaut,HP Tillakaratne,SM Ervine,M Muralitharan,HH Streak,CRD Fernando,S Matsikenyeri,PW Gunaratne,DT Hondo,sri lanka||zimbabwe,super_six
208.0,1990.0,2003-03-15,"kingsmead, durban",durban,kenya,australia,1.0,field,1.0,KO Otieno,AC Gilchrist,RD Shah,ML Hayden,BJ Patel,RT Ponting,DO Obuya,A Symonds,SO Tikolo,DS Lehmann,HS Modi,GB Hogg,CO Obuya,IJ Harvey,PJ Ongondo,DR Martyn,AO Suji,AJ Bichel,MA Suji,B Lee,AY Karim,GD McGrath,australia||kenya,super_six
209.0,1991.0,2003-03-18,"st george's park, port elizabeth",gqeberha,australia,sri lanka,0.0,bat,0.0,AC Gilchrist,MS Atapattu,ML Hayden,ST Jayasuriya,RT Ponting,HP Tillakaratne,DS Lehmann,DA Gunawardene,A Symonds,PA de Silva,MG Bevan,KC Sangakkara,GB Hogg,DPMD Jayawardene,IJ Harvey,RP Arnold,AJ Bichel,WPUJC Vaas,B Lee,M Muralitharan,GD McGrath,PW Gunaratne,australia||sri lanka,semi_final
210.0,1992.0,2003-03-20,"kingsmead, durban",durban,india,kenya,0.0,bat,0.0,V Sehwag,KO Otieno,SR Tendulkar,RD Shah,SC Ganguly,PJ Ongondo,M Kaif,TM Odoyo,Yuvraj Singh,SO Tikolo,R Dravid,MO Odumbe,D Mongia,HS Modi,J Srinath,DO Obuya,A Nehra,CO Obuya,Z Khan,MA Suji,Harbhajan Singh,AY Karim,india||kenya,semi_final
211.0,1993.0,2003-03-23,"new wanderers stadium, johannesburg",johannesburg,australia,india,1.0,field,0.0,AC Gilchrist,SR Tendulkar,ML Hayden,V Sehwag,RT Ponting,SC Ganguly,DR Martyn,M Kaif,DS Lehmann,R Dravid,MG Bevan,Yuvraj Singh,A Symonds,D Mongia,GB Hogg,Harbhajan Singh,AJ Bichel,Z Khan,B Lee,J Srinath,GD McGrath,A Nehra,australia||india,final
212.0,3599.0,2015-02-14,hagley oval,christchurch,new zealand,sri lanka,1.0,field,0.0,MJ Guptill,HDRL Thirimanne,BB McCullum,TM Dilshan,KS Williamson,KC Sangakkara,LRPL Taylor,DPMD Jayawardene,GD Elliott,FDM Karunaratne,CJ Anderson,AD Mathews,L Ronchi,BMAJ Mendis,DL Vettori,KMDN Kulasekara,TG Southee,HMRKB Herath,AF Milne,SL Malinga,TA Boult,RAS Lakmal,new zealand||sri lanka,
213.0,3601.0,2015-02-15,seddon park,hamilton,south africa,zimbabwe,1.0,field,0.0,Q de Kock,CJ Chibhabha,HM Amla,Sikandar Raza,F du Plessis,H Masakadza,AB de Villiers,BRM Taylor,DA Miller,SC Williams,JP Duminy,CR Ervine,F Behardien,E Chigumbura,VD Philander,SF Mire,DW Steyn,T Panyangara,Imran Tahir,TL Chatara,M Morkel,T Kamungozi,south africa||zimbabwe,group
214.0,3603.0,2015-02-16,saxton oval,nelson,ireland,west indies,0.0,field,0.0,WTS Porterfield,DR Smith,PR Stirling,CH Gayle,EC Joyce,DM Bravo,NJ O'Brien,MN Samuels,A Balbirnie,D Ramdin,GC Wilson,LMP Simmons,KJ O'Brien,DJG Sammy,JF Mooney,AD Russell,MC Sorensen,JO Holder,GH Dockrell,KAJ Roach,AR McBrine,JE Taylor,ireland||west indies,group
215.0,3604.0,2015-02-17,university oval,dunedin,new zealand,scotland,0.0,field,0.0,MJ Guptill,KJ Coetzer,BB McCullum,CS MacLeod,KS Williamson,HJW Gardiner,LRPL Taylor,MW Machan,GD Elliott,PL Mommsen,CJ Anderson,RD Berrington,L Ronchi,MH Cross,DL Vettori,JH Davey,AF Milne,RML Taylor,TG Southee,RM Haq,TA Boult,I Wardlaw,new zealand||scotland,group
216.0,3606.0,2015-02-19,saxton oval,nelson,united arab emirates,zimbabwe,1.0,field,1.0,Amjad Ali,Sikandar Raza,AR Berenger,RW Chakabva,Krishna Chandran,H Masakadza,Khurram Khan,BRM Taylor,SP Patil,SC Williams,Shaiman Anwar,SF Mire,Rohan Mustafa,CR Ervine,Amjad Javed,E Chigumbura,Mohammad Naveed,T Panyangara,Mohammad Tauqir,TL Chatara,Nasir Aziz,T Kamungozi,united arab emirates||zimbabwe,group
217.0,3607.0,2015-02-20,westpac stadium,wellington,new zealand,england,1.0,bat,0.0,MJ Guptill,IR Bell,BB McCullum,MM Ali,KS Williamson,GS Ballance,LRPL Taylor,JE Root,GD Elliott,EJG Morgan,CJ Anderson,JWA Taylor,L Ronchi,JC Buttler,DL Vettori,CR Woakes,AF Milne,SCJ Broad,TG Southee,ST Finn,TA Boult,JM Anderson,england||new zealand,group
218.0,3608.0,2015-02-21,hagley oval,christchurch,pakistan,west indies,0.0,field,1.0,Nasir Jamshed,DR Smith,Ahmed Shehzad,CH Gayle,Younis Khan,DM Bravo,Haris Sohail,MN Samuels,Misbah-ul-Haq,D Ramdin,Sohaib Maqsood,LMP Simmons,Umar Akmal,DJG Sammy,Shahid Afridi,AD Russell,Wahab Riaz,JO Holder,Sohail Khan,JE Taylor,Mohammad Irfan,SJ Benn,pakistan||west indies,group
219.0,3611.0,2015-02-23,hagley oval,christchurch,england,scotland,1.0,field,0.0,MM Ali,KJ Coetzer,IR Bell,CS MacLeod,GS Ballance,FRJ Coleman,JE Root,MW Machan,EJG Morgan,PL Mommsen,JWA Taylor,RD Berrington,JC Buttler,MH Cross,CR Woakes,JH Davey,SCJ Broad,RM Haq,ST Finn,AC Evans,JM Anderson,I Wardlaw,england||scotland,group
220.0,3612.0,2015-02-24,manuka oval,canberra,west indies,zimbabwe,0.0,bat,0.0,DR Smith,Sikandar Raza,CH Gayle,RW Chakabva,MN Samuels,H Masakadza,JL Carter,BRM Taylor,D Ramdin,SC Williams,LMP Simmons,CR Ervine,DJG Sammy,S Matsikenyeri,AD Russell,E Chigumbura,JO Holder,T Panyangara,JE Taylor,TL Chatara,NO Miller,T Kamungozi,west indies||zimbabwe,group
221.0,3613.0,2015-02-25,"brisbane cricket ground, woolloongabba",brisbane,ireland,united arab emirates,0.0,field,0.0,WTS Porterfield,Amjad Ali,PR Stirling,AR Berenger,EC Joyce,Krishna Chandran,NJ O'Brien,Khurram Khan,A Balbirnie,SP Patil,GC Wilson,Shaiman Anwar,KJ O'Brien,Rohan Mustafa,JF Mooney,Amjad Javed,AR Cusack,Mohammad Naveed,GH Dockrell,Mohammad Tauqir,MC Sorensen,AM Guruge,ireland||united arab emirates,group
222.0,3617.0,2015-02-28,eden park,auckland,new zealand,australia,1.0,bat,0.0,MJ Guptill,AJ Finch,BB McCullum,DA Warner,KS Williamson,SR Watson,LRPL Taylor,MJ Clarke,GD Elliott,SPD Smith,CJ Anderson,GJ Maxwell,L Ronchi,MR Marsh,DL Vettori,BJ Haddin,AF Milne,MG Johnson,TG Southee,MA Starc,TA Boult,PJ Cummins,australia||new zealand,group
223.0,3618.0,2015-02-28,western australia cricket association ground,perth,india,united arab emirates,1.0,bat,0.0,RG Sharma,Amjad Ali,S Dhawan,AR Berenger,V Kohli,Krishna Chandran,AM Rahane,Khurram Khan,SK Raina,SP Patil,MS Dhoni,Shaiman Anwar,RA Jadeja,Rohan Mustafa,R Ashwin,Amjad Javed,B Kumar,Mohammad Naveed,UT Yadav,Mohammad Tauqir,MM Sharma,AM Guruge,india||united arab emirates,group
224.0,3619.0,2015-03-01,westpac stadium,wellington,england,sri lanka,0.0,bat,1.0,MM Ali,HDRL Thirimanne,IR Bell,TM Dilshan,GS Ballance,KC Sangakkara,JE Root,DPMD Jayawardene,EJG Morgan,AD Mathews,JWA Taylor,FDM Karunaratne,JC Buttler,LD Chandimal,CR Woakes,NLTC Perera,SCJ Broad,HMRKB Herath,ST Finn,SL Malinga,JM Anderson,RAS Lakmal,england||sri lanka,group
225.0,3620.0,2015-03-01,"brisbane cricket ground, woolloongabba",brisbane,pakistan,zimbabwe,0.0,bat,0.0,Nasir Jamshed,CJ Chibhabha,Ahmed Shehzad,Sikandar Raza,Haris Sohail,H Masakadza,Misbah-ul-Haq,BRM Taylor,Umar Akmal,SC Williams,Shahid Afridi,CR Ervine,Sohaib Maqsood,SF Mire,Wahab Riaz,E Chigumbura,Sohail Khan,T Mupariwa,Rahat Ali,T Panyangara,Mohammad Irfan,TL Chatara,pakistan||zimbabwe,group
226.0,3621.0,2015-03-03,manuka oval,canberra,ireland,south africa,1.0,bat,1.0,WTS Porterfield,HM Amla,PR Stirling,Q de Kock,EC Joyce,F du Plessis,NJ O'Brien,AB de Villiers,A Balbirnie,DA Miller,GC Wilson,RR Rossouw,KJ O'Brien,F Behardien,JF Mooney,DW Steyn,GH Dockrell,KJ Abbott,MC Sorensen,M Morkel,AR McBrine,Imran Tahir,ireland||south africa,group
227.0,3622.0,2015-03-04,mclean park,napier,pakistan,united arab emirates,1.0,field,0.0,Nasir Jamshed,Amjad Ali,Ahmed Shehzad,AR Berenger,Haris Sohail,Krishna Chandran,Sohaib Maqsood,Khurram Khan,Misbah-ul-Haq,Shaiman Anwar,Umar Akmal,SP Patil,Shahid Afridi,Rohan Mustafa,Wahab Riaz,Amjad Javed,Sohail Khan,Mohammad Naveed,Rahat Ali,Mohammad Tauqir,Mohammad Irfan,AM Guruge,pakistan||united arab emirates,group
228.0,3624.0,2015-03-05,saxton oval,nelson,bangladesh,scotland,0.0,field,0.0,Tamim Iqbal,KJ Coetzer,Soumya Sarkar,CS MacLeod,Mahmudullah,HJW Gardiner,Mushfiqur Rahim,MW Machan,Shakib Al Hasan,PL Mommsen,Sabbir Rahman,RD Berrington,Anamul Haque,MH Cross,Nasir Hossain,JH Davey,Mashrafe Mortaza,RM Haq,Rubel Hossain,AC Evans,Taskin Ahmed,I Wardlaw,bangladesh||scotland,group
229.0,3625.0,2015-03-06,western australia cricket association ground,perth,india,west indies,1.0,bat,0.0,RG Sharma,DR Smith,S Dhawan,CH Gayle,V Kohli,MN Samuels,AM Rahane,JL Carter,SK Raina,D Ramdin,MS Dhoni,LMP Simmons,RA Jadeja,DJG Sammy,R Ashwin,AD Russell,MM Sharma,JO Holder,Mohammed Shami,JE Taylor,UT Yadav,KAJ Roach,india||west indies,group
230.0,3626.0,2015-03-07,eden park,auckland,pakistan,south africa,1.0,field,0.0,Sarfraz Ahmed,Q de Kock,Ahmed Shehzad,HM Amla,Younis Khan,F du Plessis,Misbah-ul-Haq,RR Rossouw,Sohaib Maqsood,AB de Villiers,Umar Akmal,DA Miller,Shahid Afridi,JP Duminy,Wahab Riaz,DW Steyn,Sohail Khan,KJ Abbott,Rahat Ali,M Morkel,Mohammad Irfan,Imran Tahir,pakistan||south africa,group
231.0,3627.0,2015-03-07,bellerive oval,hobart,ireland,zimbabwe,1.0,field,0.0,WTS Porterfield,CJ Chibhabha,PR Stirling,Sikandar Raza,EC Joyce,SF Mire,A Balbirnie,H Masakadza,KJ O'Brien,BRM Taylor,GC Wilson,SC Williams,JF Mooney,CR Ervine,NJ O'Brien,RW Chakabva,GH Dockrell,T Panyangara,AR Cusack,T Mupariwa,AR McBrine,TL Chatara,ireland||zimbabwe,group
232.0,3631.0,2015-03-10,seddon park,hamilton,india,ireland,1.0,bat,0.0,RG Sharma,WTS Porterfield,S Dhawan,PR Stirling,V Kohli,EC Joyce,AM Rahane,NJ O'Brien,SK Raina,A Balbirnie,MS Dhoni,KJ O'Brien,RA Jadeja,GC Wilson,R Ashwin,SR Thompson,Mohammed Shami,JF Mooney,MM Sharma,GH Dockrell,UT Yadav,AR Cusack,india||ireland,group
233.0,3632.0,2015-03-11,bellerive oval,hobart,scotland,sri lanka,1.0,bat,1.0,KJ Coetzer,HDRL Thirimanne,CS MacLeod,TM Dilshan,MW Machan,KC Sangakkara,PL Mommsen,DPMD Jayawardene,FRJ Coleman,AD Mathews,RD Berrington,MDKJ Perera,MA Leask,NLTC Perera,MH Cross,S Prasanna,RML Taylor,KMDN Kulasekara,JH Davey,SL Malinga,AC Evans,PVD Chameera,scotland||sri lanka,group
234.0,3633.0,2015-03-12,westpac stadium,wellington,south africa,united arab emirates,1.0,field,0.0,HM Amla,Amjad Ali,Q de Kock,AR Berenger,RR Rossouw,Khurram Khan,AB de Villiers,Shaiman Anwar,DA Miller,SP Patil,JP Duminy,Saqlain Haider,F Behardien,Amjad Javed,VD Philander,Mohammad Naveed,DW Steyn,Mohammad Tauqir,M Morkel,Kamran Shazad,Imran Tahir,Fahad Alhashmi,south africa||united arab emirates,group
235.0,3634.0,2015-03-13,seddon park,hamilton,new zealand,bangladesh,0.0,field,0.0,MJ Guptill,Tamim Iqbal,BB McCullum,Imrul Kayes,KS Williamson,Soumya Sarkar,LRPL Taylor,Mahmudullah,GD Elliott,Shakib Al Hasan,CJ Anderson,Mushfiqur Rahim,L Ronchi,Sabbir Rahman,DL Vettori,Nasir Hossain,TG Southee,Rubel Hossain,TA Boult,Taijul Islam,MJ McClenaghan,Taskin Ahmed,bangladesh||new zealand,group
236.0,3636.0,2015-03-14,eden park,auckland,india,zimbabwe,0.0,field,0.0,RG Sharma,CJ Chibhabha,S Dhawan,H Masakadza,V Kohli,SF Mire,AM Rahane,BRM Taylor,SK Raina,SC Williams,MS Dhoni,CR Ervine,RA Jadeja,Sikandar Raza,R Ashwin,RW Chakabva,MM Sharma,T Panyangara,Mohammed Shami,T Mupariwa,UT Yadav,TL Chatara,india||zimbabwe,group
237.0,3637.0,2015-03-14,bellerive oval,hobart,australia,scotland,0.0,field,0.0,MJ Clarke,KJ Coetzer,AJ Finch,CS MacLeod,SR Watson,MW Machan,JP Faulkner,PL Mommsen,DA Warner,FRJ Coleman,SPD Smith,RD Berrington,GJ Maxwell,MH Cross,BJ Haddin,JH Davey,MG Johnson,RML Taylor,MA Starc,MA Leask,PJ Cummins,I Wardlaw,australia||scotland,group
238.0,3638.0,2015-03-15,mclean park,napier,united arab emirates,west indies,1.0,field,1.0,Amjad Ali,DR Smith,AR Berenger,J Charles,Krishna Chandran,MN Samuels,Khurram Khan,JL Carter,Shaiman Anwar,AD Russell,SP Patil,D Ramdin,Amjad Javed,LMP Simmons,Nasir Aziz,DJG Sammy,Mohammad Naveed,JO Holder,Mohammad Tauqir,KAJ Roach,AM Guruge,JE Taylor,united arab emirates||west indies,group
239.0,3643.0,2015-03-21,westpac stadium,wellington,new zealand,west indies,0.0,bat,0.0,MJ Guptill,CH Gayle,BB McCullum,J Charles,KS Williamson,LMP Simmons,LRPL Taylor,MN Samuels,CJ Anderson,D Ramdin,GD Elliott,JL Carter,L Ronchi,DJG Sammy,DL Vettori,AD Russell,TA Boult,JO Holder,AF Milne,JE Taylor,TG Southee,SJ Benn,new zealand||west indies,quarter_final
240.0,3644.0,2015-03-24,eden park,auckland,new zealand,south africa,1.0,bat,0.0,MJ Guptill,HM Amla,BB McCullum,Q de Kock,KS Williamson,F du Plessis,LRPL Taylor,RR Rossouw,GD Elliott,AB de Villiers,CJ Anderson,DA Miller,L Ronchi,JP Duminy,DL Vettori,VD Philander,MJ Henry,DW Steyn,TG Southee,M Morkel,TA Boult,Imran Tahir,new zealand||south africa,semi_final
